"Projeto";"Tipo de Serviço";"Data Prog.";"Status";"Intervenção";"PowerON";"Equipamento";"Horário Início";"Horário Fim";"Parceira";"Região";"Latitude";"Longitude";"Situação Coordenadas";"Link Google Maps";"Link My Maps";"Origem"
"DMP/A.LES.23.02255";"Rede Compacta";"07/09/2026";"Pendente de Aprovação";"PIE";"";"010ET014162";"10:00";"14:00";"Engelmig (Área 11) NEC e UPS";"LES";"-23.6323024806867";"-46.534005631743";"Com coordenadas";"https://www.google.com/maps/search/?api=1&query=-23.6323024806867,-46.534005631743";"https://www.google.com/maps/d/edit?hl=pt-BR&mid=10HwNRTu34UfYUParmwc_21swb9OrORy8&ll=-23.491120767237867%2C-46.59948536465595&z=11";"MyMaps"
"DMP/A.LES.23.02503";"Rede Compacta";"07/09/2026";"Pendente de Aprovação";"PIE";"";"010ET014162";"10:00";"14:00";"Engelmig (Área 11) NEC e UPS";"LES";"-23.6323024806867";"-46.534005631743";"Com coordenadas";"https://www.google.com/maps/search/?api=1&query=-23.6323024806867,-46.534005631743";"https://www.google.com/maps/d/edit?hl=pt-BR&mid=10HwNRTu34UfYUParmwc_21swb9OrORy8&ll=-23.491120767237867%2C-46.59948536465595&z=11";"MyMaps"
"DMP/A.LES.26.01969";"Rede Compacta";"07/09/2026";"Liberado para Execução";"";"";"";"";"";"Engelmig (Área 11) NEC e UPS";"LES";"";"";"Sem coordenadas";"";"https://www.google.com/maps/d/edit?hl=pt-BR&mid=10HwNRTu34UfYUParmwc_21swb9OrORy8&ll=-23.491120767237867%2C-46.59948536465595&z=11";"Sem Coordenadas"
"DAC/A.ABC.26.00051";"Ligação Nova";"08/09/2026";"Liberado para Execução";"";"";"";"";"";"Alpitel Energy (Área 7, 8A e 10) NEC";"ABC";"";"";"Sem coordenadas";"";"https://www.google.com/maps/d/edit?hl=pt-BR&mid=10HwNRTu34UfYUParmwc_21swb9OrORy8&ll=-23.491120767237867%2C-46.59948536465595&z=11";"Sem Coordenadas"
"DAC/A.LES.26.00367";"Ligação Nova";"08/09/2026";"Liberado para Execução";"PIE";"16716280";"356ET013048";"09:40";"14:40";"Start Engenharia (Área 8B, 9  e 11) NEC";"LES";"-23.5893071533487";"-46.4876412910288";"Com coordenadas";"https://www.google.com/maps/search/?api=1&query=-23.5893071533487,-46.4876412910288";"https://www.google.com/maps/d/edit?hl=pt-BR&mid=10HwNRTu34UfYUParmwc_21swb9OrORy8&ll=-23.491120767237867%2C-46.59948536465595&z=11";"MyMaps"
"DAC/A.LES.26.00391";"Ligação Nova";"08/09/2026";"Liberado para Execução";"PIE";"16716280";"356ET013048";"09:40";"14:40";"Start Engenharia (Área 8B, 9  e 11) NEC";"LES";"-23.5893071533487";"-46.4876412910288";"Com coordenadas";"https://www.google.com/maps/search/?api=1&query=-23.5893071533487,-46.4876412910288";"https://www.google.com/maps/d/edit?hl=pt-BR&mid=10HwNRTu34UfYUParmwc_21swb9OrORy8&ll=-23.491120767237867%2C-46.59948536465595&z=11";"MyMaps"
"DAC/A.LES.26.00818";"Ligação Nova";"08/09/2026";"Liberado para Execução";"";"";"";"";"";"Alpitel Energy (Área 7, 8A e 10) NEC";"LES";"";"";"Sem coordenadas";"";"https://www.google.com/maps/d/edit?hl=pt-BR&mid=10HwNRTu34UfYUParmwc_21swb9OrORy8&ll=-23.491120767237867%2C-46.59948536465595&z=11";"Sem Coordenadas"
"DAC/A.LES.26.00849";"Alteração de Carga";"08/09/2026";"Liberado para Execução";"FI";"16737435";"353ET012209";"10:00";"14:00";"Start Engenharia (Área 8B, 9  e 11) NEC";"LES";"-23.5353824491632";"-46.5091948421809";"Com coordenadas";"https://www.google.com/maps/search/?api=1&query=-23.5353824491632,-46.5091948421809";"https://www.google.com/maps/d/edit?hl=pt-BR&mid=10HwNRTu34UfYUParmwc_21swb9OrORy8&ll=-23.491120767237867%2C-46.59948536465595&z=11";"MyMaps"
"DAC/A.LES.26.00963";"Ligação Nova";"08/09/2026";"Liberado para Execução";"";"";"";"";"";"Alpitel Energy (Área 7, 8A e 10) NEC";"LES";"";"";"Sem coordenadas";"";"https://www.google.com/maps/d/edit?hl=pt-BR&mid=10HwNRTu34UfYUParmwc_21swb9OrORy8&ll=-23.491120767237867%2C-46.59948536465595&z=11";"Sem Coordenadas"
"DMP/A.LES.25.06859";"Religador Automático";"08/09/2026";"Liberado para Execução";"";"";"";"";"";"Alpitel Energy (Área 7, 8A e 10) NEC";"LES";"";"";"Sem coordenadas";"";"https://www.google.com/maps/d/edit?hl=pt-BR&mid=10HwNRTu34UfYUParmwc_21swb9OrORy8&ll=-23.491120767237867%2C-46.59948536465595&z=11";"Sem Coordenadas"
"DMP/A.LES.26.01046";"Rede Compacta";"08/09/2026";"Liberado para Execução";"PIE";"16727515";"356ET167840";"10:00";"14:00";"Engelmig (Área 11) NEC e UPS";"LES";"-23.6116069017167";"-46.411660361258";"Com coordenadas";"https://www.google.com/maps/search/?api=1&query=-23.6116069017167,-46.411660361258";"https://www.google.com/maps/d/edit?hl=pt-BR&mid=10HwNRTu34UfYUParmwc_21swb9OrORy8&ll=-23.491120767237867%2C-46.59948536465595&z=11";"MyMaps"
"DMP/A.LES.26.01048";"Rede Compacta";"08/09/2026";"Liberado para Execução";"PIE";"16727515";"356ET167453";"10:00";"14:00";"Engelmig (Área 11) NEC e UPS";"LES";"-23.603673994215";"-46.4129815999408";"Com coordenadas";"https://www.google.com/maps/search/?api=1&query=-23.603673994215,-46.4129815999408";"https://www.google.com/maps/d/edit?hl=pt-BR&mid=10HwNRTu34UfYUParmwc_21swb9OrORy8&ll=-23.491120767237867%2C-46.59948536465595&z=11";"MyMaps"
"DMP/A.LES.26.01049";"Rede Compacta";"08/09/2026";"Liberado para Execução";"PIE";"16727515";"356ET167840";"10:00";"14:00";"Engelmig (Área 11) NEC e UPS";"LES";"-23.6116069017167";"-46.411660361258";"Com coordenadas";"https://www.google.com/maps/search/?api=1&query=-23.6116069017167,-46.411660361258";"https://www.google.com/maps/d/edit?hl=pt-BR&mid=10HwNRTu34UfYUParmwc_21swb9OrORy8&ll=-23.491120767237867%2C-46.59948536465595&z=11";"MyMaps"
"DMP/A.LES.26.01762";"Reforma de Rede Secundária";"08/09/2026";"Liberado para Execução";"";"";"";"";"";"Alpitel Energy (Área 7, 8A e 10) NEC";"LES";"";"";"Sem coordenadas";"";"https://www.google.com/maps/d/edit?hl=pt-BR&mid=10HwNRTu34UfYUParmwc_21swb9OrORy8&ll=-23.491120767237867%2C-46.59948536465595&z=11";"Sem Coordenadas"
"DMP/A.LES.26.01937";"Religador Automático";"08/09/2026";"Liberado para Execução";"BRA";"16747540";"356ET167764";"09:00";"16:00";"Alpitel Energy (Área 7, 8A e 10) NEC";"LES";"-23.5755887369285";"-46.4458793415769";"Com coordenadas";"https://www.google.com/maps/search/?api=1&query=-23.5755887369285,-46.4458793415769";"https://www.google.com/maps/d/edit?hl=pt-BR&mid=10HwNRTu34UfYUParmwc_21swb9OrORy8&ll=-23.491120767237867%2C-46.59948536465595&z=11";"MyMaps"
"DAC/A.ABC.26.00381";"Alteração de Carga";"09/09/2026";"Liberado para Execução";"";"";"";"";"";"Alpitel Energy (Área 7, 8A e 10) NEC";"ABC";"";"";"Sem coordenadas";"";"https://www.google.com/maps/d/edit?hl=pt-BR&mid=10HwNRTu34UfYUParmwc_21swb9OrORy8&ll=-23.491120767237867%2C-46.59948536465595&z=11";"Sem Coordenadas"
"DAC/A.LES.25.00354";"Ligação Nova";"09/09/2026";"Liberado para Execução";"FI";"16676051";"356ET020460";"09:30";"13:30";"Start Engenharia (Área 8B, 9  e 11) NEC";"LES";"-23.535222205375";"-46.4151792807208";"Com coordenadas";"https://www.google.com/maps/search/?api=1&query=-23.535222205375,-46.4151792807208";"https://www.google.com/maps/d/edit?hl=pt-BR&mid=10HwNRTu34UfYUParmwc_21swb9OrORy8&ll=-23.491120767237867%2C-46.59948536465595&z=11";"MyMaps"
"DAC/A.LES.25.00860";"Alteração de Carga";"09/09/2026";"Liberado para Execução";"PIE";"16716620";"353CF150540";"00:30";"04:30";"Start Engenharia (Área 8B, 9  e 11) NEC";"LES";"-23.5576804811448";"-46.5695597726641";"Com coordenadas";"https://www.google.com/maps/search/?api=1&query=-23.5576804811448,-46.5695597726641";"https://www.google.com/maps/d/edit?hl=pt-BR&mid=10HwNRTu34UfYUParmwc_21swb9OrORy8&ll=-23.491120767237867%2C-46.59948536465595&z=11";"MyMaps"
"DAC/A.LES.26.00783";"Ligação Provisória";"09/09/2026";"Liberado para Execução";"FI";"16676118";"353ET000638";"09:45";"13:45";"Start Engenharia (Área 8B, 9  e 11) NEC";"LES";"-23.5136845689499";"-46.5505530087614";"Com coordenadas";"https://www.google.com/maps/search/?api=1&query=-23.5136845689499,-46.5505530087614";"https://www.google.com/maps/d/edit?hl=pt-BR&mid=10HwNRTu34UfYUParmwc_21swb9OrORy8&ll=-23.491120767237867%2C-46.59948536465595&z=11";"MyMaps"
"DAC/A.LES.26.00847";"Ligação Nova";"09/09/2026";"Liberado para Execução";"FI";"16694745";"352ET017568";"10:00";"14:00";"Start Engenharia (Área 8B, 9  e 11) NEC";"LES";"-23.516476643423";"-46.5099637386806";"Com coordenadas";"https://www.google.com/maps/search/?api=1&query=-23.516476643423,-46.5099637386806";"https://www.google.com/maps/d/edit?hl=pt-BR&mid=10HwNRTu34UfYUParmwc_21swb9OrORy8&ll=-23.491120767237867%2C-46.59948536465595&z=11";"MyMaps"
"DMP/A.LES.23.02255";"Rede Compacta";"09/09/2026";"Pendente de Aprovação";"PIE";"";"010ET059230";"10:00";"14:00";"Engelmig (Área 11) NEC e UPS";"LES";"-23.6325994351392";"-46.5359733594676";"Com coordenadas";"https://www.google.com/maps/search/?api=1&query=-23.6325994351392,-46.5359733594676";"https://www.google.com/maps/d/edit?hl=pt-BR&mid=10HwNRTu34UfYUParmwc_21swb9OrORy8&ll=-23.491120767237867%2C-46.59948536465595&z=11";"MyMaps"
"DMP/A.LES.24.03650";"Reforma de Rede Secundaria RTRI";"09/09/2026";"Liberado para Execução";"FI";"16705327";"353ET052086";"23:30";"03:30";"Start Engenharia (Área 8B, 9  e 11) NEC";"LES";"-23.5385296995363";"-46.6055570315013";"Com coordenadas";"https://www.google.com/maps/search/?api=1&query=-23.5385296995363,-46.6055570315013";"https://www.google.com/maps/d/edit?hl=pt-BR&mid=10HwNRTu34UfYUParmwc_21swb9OrORy8&ll=-23.491120767237867%2C-46.59948536465595&z=11";"MyMaps"
"DMP/A.LES.24.07670";"Reforma de Rede Secundaria RTRI";"09/09/2026";"Liberado para Execução";"BRA";"16742111";"353ET006456";"13:00";"16:00";"Start Engenharia (Área 8B, 9  e 11) NEC";"LES";"-23.5346182301159";"-46.5268503163747";"Com coordenadas";"https://www.google.com/maps/search/?api=1&query=-23.5346182301159,-46.5268503163747";"https://www.google.com/maps/d/edit?hl=pt-BR&mid=10HwNRTu34UfYUParmwc_21swb9OrORy8&ll=-23.491120767237867%2C-46.59948536465595&z=11";"MyMaps"
"DMP/A.LES.26.01909";"Religador Automático";"09/09/2026";"Liberado para Execução";"FI";"16699164";"356ET093223";"10:30";"14:30";"Start Engenharia (Área 8B, 9  e 11) NEC";"LES";"-23.5921045105872";"-46.4164639981824";"Com coordenadas";"https://www.google.com/maps/search/?api=1&query=-23.5921045105872,-46.4164639981824";"https://www.google.com/maps/d/edit?hl=pt-BR&mid=10HwNRTu34UfYUParmwc_21swb9OrORy8&ll=-23.491120767237867%2C-46.59948536465595&z=11";"MyMaps"
"DAC/A.ABC.26.00402";"Ligação Nova";"10/09/2026";"Liberado para Execução";"BRA";"16742530";"010ET087001";"10:00";"15:00";"Start Engenharia (Área 8B, 9  e 11) NEC";"ABC";"-23.6926165733575";"-46.5065204076559";"Com coordenadas";"https://www.google.com/maps/search/?api=1&query=-23.6926165733575,-46.5065204076559";"https://www.google.com/maps/d/edit?hl=pt-BR&mid=10HwNRTu34UfYUParmwc_21swb9OrORy8&ll=-23.491120767237867%2C-46.59948536465595&z=11";"MyMaps"
"DAC/A.LES.25.00313";"Ligação Nova";"10/09/2026";"Pendente de Aprovação";"BRA";"";"353ET093704";"09:30";"18:30";"ZZOUT-Start Área 8B+11 (Contrato Antigo)";"LES";"-23.5533412769196";"-46.5246376752136";"Com coordenadas";"https://www.google.com/maps/search/?api=1&query=-23.5533412769196,-46.5246376752136";"https://www.google.com/maps/d/edit?hl=pt-BR&mid=10HwNRTu34UfYUParmwc_21swb9OrORy8&ll=-23.491120767237867%2C-46.59948536465595&z=11";"MyMaps"
"DAC/A.LES.25.01123";"Ligação Nova";"10/09/2026";"Liberado para Execução";"FI";"16678873";"352ET092640";"10:10";"14:10";"Start Engenharia (Área 8B, 9  e 11) NEC";"LES";"-23.4930697670445";"-46.5052123441507";"Com coordenadas";"https://www.google.com/maps/search/?api=1&query=-23.4930697670445,-46.5052123441507";"https://www.google.com/maps/d/edit?hl=pt-BR&mid=10HwNRTu34UfYUParmwc_21swb9OrORy8&ll=-23.491120767237867%2C-46.59948536465595&z=11";"MyMaps"
"DAC/A.LES.26.00404";"Ligação Nova";"10/09/2026";"Liberado para Execução";"FI";"16693974";"356ET162246";"09:30";"14:30";"Start Engenharia (Área 8B, 9  e 11) NEC";"LES";"-23.54310144855";"-46.4343343925723";"Com coordenadas";"https://www.google.com/maps/search/?api=1&query=-23.54310144855,-46.4343343925723";"https://www.google.com/maps/d/edit?hl=pt-BR&mid=10HwNRTu34UfYUParmwc_21swb9OrORy8&ll=-23.491120767237867%2C-46.59948536465595&z=11";"MyMaps"
"DAC/A.LES.26.01058";"Alteração de Carga";"10/09/2026";"Liberado para Execução";"";"";"";"";"";"Alpitel Energy (Área 7, 8A e 10) NEC";"LES";"";"";"Sem coordenadas";"";"https://www.google.com/maps/d/edit?hl=pt-BR&mid=10HwNRTu34UfYUParmwc_21swb9OrORy8&ll=-23.491120767237867%2C-46.59948536465595&z=11";"Sem Coordenadas"
"DAC/A.LES.26.01063";"Ligação Provisória";"10/09/2026";"Liberado para Execução";"PIE";"16717113";"353ET093347";"09:50";"13:50";"Start Engenharia (Área 8B, 9  e 11) NEC";"LES";"-23.515812794948";"-46.5453409221389";"Com coordenadas";"https://www.google.com/maps/search/?api=1&query=-23.515812794948,-46.5453409221389";"https://www.google.com/maps/d/edit?hl=pt-BR&mid=10HwNRTu34UfYUParmwc_21swb9OrORy8&ll=-23.491120767237867%2C-46.59948536465595&z=11";"MyMaps"
"DAC/A.LES.26.01133";"Ligação Nova";"10/09/2026";"Liberado para Execução";"FI";"16681127";"352ET038230";"09:25";"11:25";"Start Engenharia (Área 8B, 9  e 11) NEC";"LES";"-23.5051427107564";"-46.4751300394798";"Com coordenadas";"https://www.google.com/maps/search/?api=1&query=-23.5051427107564,-46.4751300394798";"https://www.google.com/maps/d/edit?hl=pt-BR&mid=10HwNRTu34UfYUParmwc_21swb9OrORy8&ll=-23.491120767237867%2C-46.59948536465595&z=11";"MyMaps"
"DMP/A.LES.26.03105";"Rede Compacta";"10/09/2026";"Liberado para Execução";"PIE";"16743647";"356ET163125";"10:00";"14:00";"Engelmig (Área 11) NEC e UPS";"LES";"-23.5821241173327";"-46.4155430068398";"Com coordenadas";"https://www.google.com/maps/search/?api=1&query=-23.5821241173327,-46.4155430068398";"https://www.google.com/maps/d/edit?hl=pt-BR&mid=10HwNRTu34UfYUParmwc_21swb9OrORy8&ll=-23.491120767237867%2C-46.59948536465595&z=11";"MyMaps"
"DMP/A.LES.26.03156";"Rede Compacta";"10/09/2026";"Liberado para Execução";"PIE";"16743647";"356ET059090";"10:00";"14:00";"Engelmig (Área 11) NEC e UPS";"LES";"-23.5836169965131";"-46.4177730770438";"Com coordenadas";"https://www.google.com/maps/search/?api=1&query=-23.5836169965131,-46.4177730770438";"https://www.google.com/maps/d/edit?hl=pt-BR&mid=10HwNRTu34UfYUParmwc_21swb9OrORy8&ll=-23.491120767237867%2C-46.59948536465595&z=11";"MyMaps"
"DAC/A.ABC.26.00375";"Ligação Nova";"11/09/2026";"Liberado para Execução";"FI";"16700198";"010ET035485";"00:30";"04:30";"Start Engenharia (Área 8B, 9  e 11) NEC";"ABC";"-23.6633511102505";"-46.5393324757528";"Com coordenadas";"https://www.google.com/maps/search/?api=1&query=-23.6633511102505,-46.5393324757528";"https://www.google.com/maps/d/edit?hl=pt-BR&mid=10HwNRTu34UfYUParmwc_21swb9OrORy8&ll=-23.491120767237867%2C-46.59948536465595&z=11";"MyMaps"
"DAC/A.LES.25.00104";"Alteração de Carga";"11/09/2026";"Pendente de Aprovação";"";"";"";"";"";"Start Engenharia (Área 8B, 9  e 11) NEC";"LES";"";"";"Sem coordenadas";"";"https://www.google.com/maps/d/edit?hl=pt-BR&mid=10HwNRTu34UfYUParmwc_21swb9OrORy8&ll=-23.491120767237867%2C-46.59948536465595&z=11";"Sem Coordenadas"
"DAC/A.LES.26.00488";"Ligação Nova";"11/09/2026";"Liberado para Execução";"FI";"16681515";"010ET015624";"09:50";"13:50";"Start Engenharia (Área 8B, 9  e 11) NEC";"LES";"-23.6215813526151";"-46.5295615775894";"Com coordenadas";"https://www.google.com/maps/search/?api=1&query=-23.6215813526151,-46.5295615775894";"https://www.google.com/maps/d/edit?hl=pt-BR&mid=10HwNRTu34UfYUParmwc_21swb9OrORy8&ll=-23.491120767237867%2C-46.59948536465595&z=11";"MyMaps"
"DAC/A.LES.26.00842";"Ligação Nova";"11/09/2026";"Liberado para Execução";"";"";"";"";"";"Start Engenharia (Área 8B, 9  e 11) NEC";"LES";"";"";"Sem coordenadas";"";"https://www.google.com/maps/d/edit?hl=pt-BR&mid=10HwNRTu34UfYUParmwc_21swb9OrORy8&ll=-23.491120767237867%2C-46.59948536465595&z=11";"Sem Coordenadas"
"DAC/A.LES.26.00908";"Ligação Provisória";"11/09/2026";"Liberado para Execução";"FI";"16684495";"353ET002697";"09:40";"13:40";"Start Engenharia (Área 8B, 9  e 11) NEC";"LES";"-23.5419027756309";"-46.5607276382094";"Com coordenadas";"https://www.google.com/maps/search/?api=1&query=-23.5419027756309,-46.5607276382094";"https://www.google.com/maps/d/edit?hl=pt-BR&mid=10HwNRTu34UfYUParmwc_21swb9OrORy8&ll=-23.491120767237867%2C-46.59948536465595&z=11";"MyMaps"
"DMP/A.LES.25.00465";"Religador Automático";"11/09/2026";"Liberado para Execução";"FI";"16684595";"356ET065638";"10:30";"14:30";"Alpitel Energy (Área 7, 8A e 10) NEC";"LES";"-23.5957464147953";"-46.4859504630433";"Com coordenadas";"https://www.google.com/maps/search/?api=1&query=-23.5957464147953,-46.4859504630433";"https://www.google.com/maps/d/edit?hl=pt-BR&mid=10HwNRTu34UfYUParmwc_21swb9OrORy8&ll=-23.491120767237867%2C-46.59948536465595&z=11";"MyMaps"
"DMP/A.LES.26.00030";"Reforma de Rede Secundaria RTRI";"11/09/2026";"Liberado para Execução";"";"";"";"";"";"Start Engenharia (Área 8B, 9  e 11) NEC";"LES";"";"";"Sem coordenadas";"";"https://www.google.com/maps/d/edit?hl=pt-BR&mid=10HwNRTu34UfYUParmwc_21swb9OrORy8&ll=-23.491120767237867%2C-46.59948536465595&z=11";"Sem Coordenadas"
"DAC/A.LES.25.00141";"Afastamento de Rede (Clientes)";"12/09/2026";"Liberado para Execução";"";"";"";"";"";"Start Engenharia (Área 8B, 9  e 11) NEC";"LES";"";"";"Sem coordenadas";"";"https://www.google.com/maps/d/edit?hl=pt-BR&mid=10HwNRTu34UfYUParmwc_21swb9OrORy8&ll=-23.491120767237867%2C-46.59948536465595&z=11";"Sem Coordenadas"
"DAC/A.LES.25.00184";"Afastamento de Rede (Clientes)";"12/09/2026";"Liberado para Execução";"PIE";"16742956-1";"020ET065992";"10:30";"14:30";"Start Engenharia (Área 8B, 9  e 11) NEC";"LES";"-23.7091038695141";"-46.4188554574582";"Com coordenadas";"https://www.google.com/maps/search/?api=1&query=-23.7091038695141,-46.4188554574582";"https://www.google.com/maps/d/edit?hl=pt-BR&mid=10HwNRTu34UfYUParmwc_21swb9OrORy8&ll=-23.491120767237867%2C-46.59948536465595&z=11";"MyMaps"
"DAC/A.LES.25.00185";"Afastamento de Rede (Clientes)";"12/09/2026";"Liberado para Execução";"PIE";"16742956-1";"020ET065992";"10:30";"14:30";"Start Engenharia (Área 8B, 9  e 11) NEC";"LES";"-23.7091038695141";"-46.4188554574582";"Com coordenadas";"https://www.google.com/maps/search/?api=1&query=-23.7091038695141,-46.4188554574582";"https://www.google.com/maps/d/edit?hl=pt-BR&mid=10HwNRTu34UfYUParmwc_21swb9OrORy8&ll=-23.491120767237867%2C-46.59948536465595&z=11";"MyMaps"
"DAC/A.LES.25.00188";"Afastamento de Rede (Clientes)";"12/09/2026";"Liberado para Execução";"PIE";"16742956";"020ET228935";"10:30";"14:30";"Start Engenharia (Área 8B, 9  e 11) NEC";"LES";"-23.7084691577642";"-46.417932842599";"Com coordenadas";"https://www.google.com/maps/search/?api=1&query=-23.7084691577642,-46.417932842599";"https://www.google.com/maps/d/edit?hl=pt-BR&mid=10HwNRTu34UfYUParmwc_21swb9OrORy8&ll=-23.491120767237867%2C-46.59948536465595&z=11";"MyMaps"
"DAC/A.LES.26.00161";"Ligação Nova";"12/09/2026";"Liberado para Execução";"FI";"16684691";"015ET027104";"09:45";"13:45";"Start Engenharia (Área 8B, 9  e 11) NEC";"LES";"-23.671088517992";"-46.4544648796533";"Com coordenadas";"https://www.google.com/maps/search/?api=1&query=-23.671088517992,-46.4544648796533";"https://www.google.com/maps/d/edit?hl=pt-BR&mid=10HwNRTu34UfYUParmwc_21swb9OrORy8&ll=-23.491120767237867%2C-46.59948536465595&z=11";"MyMaps"
"DAC/A.LES.26.00907";"Ligação Provisória";"12/09/2026";"Liberado para Execução";"FI";"16696066";"356ET057568";"01:00";"04:00";"Start Engenharia (Área 8B, 9  e 11) NEC";"LES";"-23.5956512015011";"-46.4764197173871";"Com coordenadas";"https://www.google.com/maps/search/?api=1&query=-23.5956512015011,-46.4764197173871";"https://www.google.com/maps/d/edit?hl=pt-BR&mid=10HwNRTu34UfYUParmwc_21swb9OrORy8&ll=-23.491120767237867%2C-46.59948536465595&z=11";"MyMaps"
"DAC/A.LES.26.01078";"Ligação Nova";"12/09/2026";"Liberado para Execução";"";"";"";"";"";"Alpitel Energy (Área 7, 8A e 10) NEC";"LES";"";"";"Sem coordenadas";"";"https://www.google.com/maps/d/edit?hl=pt-BR&mid=10HwNRTu34UfYUParmwc_21swb9OrORy8&ll=-23.491120767237867%2C-46.59948536465595&z=11";"Sem Coordenadas"
"DMP/A.LES.25.00717";"Religador Automático";"12/09/2026";"Liberado para Execução";"PIE";"16743854";"353ET000182";"10:30";"14:30";"Alpitel Energy (Área 7, 8A e 10) NEC";"LES";"-23.5438503881755";"-46.5746511520211";"Com coordenadas";"https://www.google.com/maps/search/?api=1&query=-23.5438503881755,-46.5746511520211";"https://www.google.com/maps/d/edit?hl=pt-BR&mid=10HwNRTu34UfYUParmwc_21swb9OrORy8&ll=-23.491120767237867%2C-46.59948536465595&z=11";"MyMaps"
"DMP/A.LES.26.01917";"Religador Automático";"12/09/2026";"Liberado para Execução";"PIE";"16742716";"356ET009654";"10:30";"14:30";"Alpitel Energy (Área 7, 8A e 10) NEC";"LES";"-23.5748054679759";"-46.433728248046";"Com coordenadas";"https://www.google.com/maps/search/?api=1&query=-23.5748054679759,-46.433728248046";"https://www.google.com/maps/d/edit?hl=pt-BR&mid=10HwNRTu34UfYUParmwc_21swb9OrORy8&ll=-23.491120767237867%2C-46.59948536465595&z=11";"MyMaps"
"DAC/A.ABC.26.00027";"Remoção de Poste";"13/09/2026";"Liberado para Execução";"PIE";"16731161";"010ET001027";"09:50";"13:50";"Start Engenharia (Área 8B, 9  e 11) NEC";"ABC";"-23.6629332117333";"-46.5295722114257";"Com coordenadas";"https://www.google.com/maps/search/?api=1&query=-23.6629332117333,-46.5295722114257";"https://www.google.com/maps/d/edit?hl=pt-BR&mid=10HwNRTu34UfYUParmwc_21swb9OrORy8&ll=-23.491120767237867%2C-46.59948536465595&z=11";"MyMaps"
"DAC/A.LES.25.00105";"Alteração de Carga";"13/09/2026";"Liberado para Execução";"PIE";"16748606";"353ET040158";"10:00";"14:00";"Start Engenharia (Área 8B, 9  e 11) NEC";"LES";"-23.5260659999618";"-46.5523140318165";"Com coordenadas";"https://www.google.com/maps/search/?api=1&query=-23.5260659999618,-46.5523140318165";"https://www.google.com/maps/d/edit?hl=pt-BR&mid=10HwNRTu34UfYUParmwc_21swb9OrORy8&ll=-23.491120767237867%2C-46.59948536465595&z=11";"MyMaps"
"DAC/A.LES.26.00675";"Remoção de Poste";"13/09/2026";"Liberado para Execução";"";"";"";"";"";"Alpitel Energy (Área 7, 8A e 10) NEC";"LES";"";"";"Sem coordenadas";"";"https://www.google.com/maps/d/edit?hl=pt-BR&mid=10HwNRTu34UfYUParmwc_21swb9OrORy8&ll=-23.491120767237867%2C-46.59948536465595&z=11";"Sem Coordenadas"
"DAC/A.LES.26.00868";"Ligação Nova";"13/09/2026";"Liberado para Execução";"";"";"";"";"";"Start Engenharia (Área 8B, 9  e 11) NEC";"LES";"";"";"Sem coordenadas";"";"https://www.google.com/maps/d/edit?hl=pt-BR&mid=10HwNRTu34UfYUParmwc_21swb9OrORy8&ll=-23.491120767237867%2C-46.59948536465595&z=11";"Sem Coordenadas"
"DMP/A.LES.21.27659";"Religador Automático";"13/09/2026";"Liberado para Execução";"PIE";"DEVOLVIDO";"353ET009270";"11:00";"15:00";"Alpitel Energy (Área 7, 8A e 10) NEC";"LES";"-23.5737182900515";"-46.5127746759396";"Com coordenadas";"https://www.google.com/maps/search/?api=1&query=-23.5737182900515,-46.5127746759396";"https://www.google.com/maps/d/edit?hl=pt-BR&mid=10HwNRTu34UfYUParmwc_21swb9OrORy8&ll=-23.491120767237867%2C-46.59948536465595&z=11";"MyMaps"
"DMP/A.LES.23.02561";"Rede Compacta";"13/09/2026";"Liberado para Documentação";"PIE";"";"010ET006377";"10:00";"14:00";"Engelmig (Área 11) NEC e UPS";"LES";"-23.6348192933798";"-46.5322871817324";"Com coordenadas";"https://www.google.com/maps/search/?api=1&query=-23.6348192933798,-46.5322871817324";"https://www.google.com/maps/d/edit?hl=pt-BR&mid=10HwNRTu34UfYUParmwc_21swb9OrORy8&ll=-23.491120767237867%2C-46.59948536465595&z=11";"MyMaps"
"DMP/A.LES.25.00035";"Substituição de Poste em Mau Estado";"13/09/2026";"Rascunho";"PIE";"";"353ET048187";"09:35";"13:35";"Start Engenharia (Área 8B, 9  e 11) NEC";"LES";"-23.5371426535389";"-46.5784008287626";"Com coordenadas";"https://www.google.com/maps/search/?api=1&query=-23.5371426535389,-46.5784008287626";"https://www.google.com/maps/d/edit?hl=pt-BR&mid=10HwNRTu34UfYUParmwc_21swb9OrORy8&ll=-23.491120767237867%2C-46.59948536465595&z=11";"MyMaps"
"DMP/A.LES.25.06805";"Religador Automático";"13/09/2026";"Liberado para Execução";"PIE";"16747193";"353ET006317";"10:30";"14:30";"Alpitel Energy (Área 7, 8A e 10) NEC";"LES";"-23.5598689384737";"-46.5201772833278";"Com coordenadas";"https://www.google.com/maps/search/?api=1&query=-23.5598689384737,-46.5201772833278";"https://www.google.com/maps/d/edit?hl=pt-BR&mid=10HwNRTu34UfYUParmwc_21swb9OrORy8&ll=-23.491120767237867%2C-46.59948536465595&z=11";"MyMaps"
"DMP/A.LES.21.13536";"Rede Compacta";"14/09/2026";"Liberado para Execução";"PIE";"DEVOLVIDO";"356ET161406";"10:00";"14:00";"Engelmig (Área 11) NEC e UPS";"LES";"-23.6019827858353";"-46.4382375134773";"Com coordenadas";"https://www.google.com/maps/search/?api=1&query=-23.6019827858353,-46.4382375134773";"https://www.google.com/maps/d/edit?hl=pt-BR&mid=10HwNRTu34UfYUParmwc_21swb9OrORy8&ll=-23.491120767237867%2C-46.59948536465595&z=11";"MyMaps"
"DMP/A.LES.21.17522";"Rede Compacta";"14/09/2026";"Liberado para Execução";"PIE";"DEVOLVIDO";"356ET092910";"10:00";"14:00";"Engelmig (Área 11) NEC e UPS";"LES";"-23.6036732822309";"-46.4380501576274";"Com coordenadas";"https://www.google.com/maps/search/?api=1&query=-23.6036732822309,-46.4380501576274";"https://www.google.com/maps/d/edit?hl=pt-BR&mid=10HwNRTu34UfYUParmwc_21swb9OrORy8&ll=-23.491120767237867%2C-46.59948536465595&z=11";"MyMaps"
"DAC/A.ABC.26.00401";"Ligação Nova";"15/09/2026";"Liberado para Execução";"FI";"16696401";"015ET068159";"00:30";"04:30";"Start Engenharia (Área 8B, 9  e 11) NEC";"ABC";"-23.6879795245885";"-46.4522976624785";"Com coordenadas";"https://www.google.com/maps/search/?api=1&query=-23.6879795245885,-46.4522976624785";"https://www.google.com/maps/d/edit?hl=pt-BR&mid=10HwNRTu34UfYUParmwc_21swb9OrORy8&ll=-23.491120767237867%2C-46.59948536465595&z=11";"MyMaps"
"DAC/A.LES.25.00773";"Alteração de Carga";"15/09/2026";"Liberado para Execução";"FI";"16725428";"353ET034382";"10:00";"13:00";"Start Engenharia (Área 8B, 9  e 11) NEC";"LES";"-23.5491888473607";"-46.5207792959695";"Com coordenadas";"https://www.google.com/maps/search/?api=1&query=-23.5491888473607,-46.5207792959695";"https://www.google.com/maps/d/edit?hl=pt-BR&mid=10HwNRTu34UfYUParmwc_21swb9OrORy8&ll=-23.491120767237867%2C-46.59948536465595&z=11";"MyMaps"
"DAC/A.LES.25.00778";"Ligação Nova";"15/09/2026";"Liberado para Execução";"FI";"16704722";"356ET024107";"13:00";"16:00";"Start Engenharia (Área 8B, 9  e 11) NEC";"LES";"-23.5419304488867";"-46.4056702168834";"Com coordenadas";"https://www.google.com/maps/search/?api=1&query=-23.5419304488867,-46.4056702168834";"https://www.google.com/maps/d/edit?hl=pt-BR&mid=10HwNRTu34UfYUParmwc_21swb9OrORy8&ll=-23.491120767237867%2C-46.59948536465595&z=11";"MyMaps"
"DAC/A.LES.25.00859";"Migração para Média Tensão";"15/09/2026";"Liberado para Documentação";"BRA";"";"356ET011378";"09:30";"15:30";"Start Engenharia (Área 8B, 9  e 11) NEC";"LES";"-23.5548847759259";"-46.4473524517143";"Com coordenadas";"https://www.google.com/maps/search/?api=1&query=-23.5548847759259,-46.4473524517143";"https://www.google.com/maps/d/edit?hl=pt-BR&mid=10HwNRTu34UfYUParmwc_21swb9OrORy8&ll=-23.491120767237867%2C-46.59948536465595&z=11";"MyMaps"
"DAC/A.LES.25.00937";"Alteração de Carga";"15/09/2026";"Liberado para Documentação";"BRA";"";"356ET060549";"09:00";"13:00";"Start Engenharia (Área 8B, 9  e 11) NEC";"LES";"-23.5420156482363";"-46.437496291596";"Com coordenadas";"https://www.google.com/maps/search/?api=1&query=-23.5420156482363,-46.437496291596";"https://www.google.com/maps/d/edit?hl=pt-BR&mid=10HwNRTu34UfYUParmwc_21swb9OrORy8&ll=-23.491120767237867%2C-46.59948536465595&z=11";"MyMaps"
"DAC/A.LES.25.01268";"Ligação Nova";"15/09/2026";"Liberado para Execução";"FI";"16704417";"352ET021866";"09:35";"13:35";"Start Engenharia (Área 8B, 9  e 11) NEC";"LES";"-23.5008990587511";"-46.44810385884";"Com coordenadas";"https://www.google.com/maps/search/?api=1&query=-23.5008990587511,-46.44810385884";"https://www.google.com/maps/d/edit?hl=pt-BR&mid=10HwNRTu34UfYUParmwc_21swb9OrORy8&ll=-23.491120767237867%2C-46.59948536465595&z=11";"MyMaps"
"DAC/A.LES.26.00375";"Ligação Nova";"15/09/2026";"Liberado para Execução";"FI";"16704753";"356ET160577";"13:00";"16:00";"Start Engenharia (Área 8B, 9  e 11) NEC";"LES";"-23.5794371828268";"-46.413486757298";"Com coordenadas";"https://www.google.com/maps/search/?api=1&query=-23.5794371828268,-46.413486757298";"https://www.google.com/maps/d/edit?hl=pt-BR&mid=10HwNRTu34UfYUParmwc_21swb9OrORy8&ll=-23.491120767237867%2C-46.59948536465595&z=11";"MyMaps"
"DAC/A.LES.26.00809";"Alteração de Carga";"15/09/2026";"Liberado para Execução";"FI";"16712281";"356ET023126";"10:00";"14:00";"Start Engenharia (Área 8B, 9  e 11) NEC";"LES";"-23.553067785852";"-46.414046846454";"Com coordenadas";"https://www.google.com/maps/search/?api=1&query=-23.553067785852,-46.414046846454";"https://www.google.com/maps/d/edit?hl=pt-BR&mid=10HwNRTu34UfYUParmwc_21swb9OrORy8&ll=-23.491120767237867%2C-46.59948536465595&z=11";"MyMaps"
"DAC/A.LES.26.00836";"Ligação Provisória";"15/09/2026";"Liberado para Execução";"";"";"";"";"";"Alpitel Energy (Área 7, 8A e 10) NEC";"LES";"";"";"Sem coordenadas";"";"https://www.google.com/maps/d/edit?hl=pt-BR&mid=10HwNRTu34UfYUParmwc_21swb9OrORy8&ll=-23.491120767237867%2C-46.59948536465595&z=11";"Sem Coordenadas"
"DAC/A.LES.26.00870";"Ligação Nova";"15/09/2026";"Liberado para Documentação";"";"";"";"";"";"Alpitel Energy (Área 7, 8A e 10) NEC";"LES";"";"";"Sem coordenadas";"";"https://www.google.com/maps/d/edit?hl=pt-BR&mid=10HwNRTu34UfYUParmwc_21swb9OrORy8&ll=-23.491120767237867%2C-46.59948536465595&z=11";"Sem Coordenadas"
"DAC/A.LES.26.00872";"Ligação Nova";"15/09/2026";"Liberado para Execução";"PIE";"16750524";"353ET170607";"10:00";"14:00";"Start Engenharia (Área 8B, 9  e 11) NEC";"LES";"-23.5311666770361";"-46.5037355968671";"Com coordenadas";"https://www.google.com/maps/search/?api=1&query=-23.5311666770361,-46.5037355968671";"https://www.google.com/maps/d/edit?hl=pt-BR&mid=10HwNRTu34UfYUParmwc_21swb9OrORy8&ll=-23.491120767237867%2C-46.59948536465595&z=11";"MyMaps"
"DAC/A.LES.26.01064";"Ligação Nova";"15/09/2026";"Liberado para Execução";"";"";"";"";"";"Alpitel Energy (Área 7, 8A e 10) NEC";"LES";"";"";"Sem coordenadas";"";"https://www.google.com/maps/d/edit?hl=pt-BR&mid=10HwNRTu34UfYUParmwc_21swb9OrORy8&ll=-23.491120767237867%2C-46.59948536465595&z=11";"Sem Coordenadas"
"DAC/A.LES.26.01127";"Ligação Nova";"15/09/2026";"Liberado para Execução";"";"";"";"";"";"Alpitel Energy (Área 7, 8A e 10) NEC";"LES";"";"";"Sem coordenadas";"";"https://www.google.com/maps/d/edit?hl=pt-BR&mid=10HwNRTu34UfYUParmwc_21swb9OrORy8&ll=-23.491120767237867%2C-46.59948536465595&z=11";"Sem Coordenadas"
"DAC/A.LES.26.01143";"Remoção de Poste";"15/09/2026";"Liberado para Execução";"";"";"";"";"";"Alpitel Energy (Área 7, 8A e 10) NEC";"LES";"";"";"Sem coordenadas";"";"https://www.google.com/maps/d/edit?hl=pt-BR&mid=10HwNRTu34UfYUParmwc_21swb9OrORy8&ll=-23.491120767237867%2C-46.59948536465595&z=11";"Sem Coordenadas"
"DMP/A.LES.25.05399";"Substituição de Poste em Mau Estado";"15/09/2026";"Liberado para Execução";"FI";"16742605";"353ET041466";"09:00";"13:00";"Start Engenharia (Área 8B, 9  e 11) NEC";"LES";"-23.5588611894912";"-46.4842815521798";"Com coordenadas";"https://www.google.com/maps/search/?api=1&query=-23.5588611894912,-46.4842815521798";"https://www.google.com/maps/d/edit?hl=pt-BR&mid=10HwNRTu34UfYUParmwc_21swb9OrORy8&ll=-23.491120767237867%2C-46.59948536465595&z=11";"MyMaps"
"DMP/A.LES.26.01728";"Reforma de Rede Secundária";"15/09/2026";"Rascunho";"";"";"";"";"";"Alpitel Energy (Área 7, 8A e 10) NEC";"LES";"";"";"Sem coordenadas";"";"https://www.google.com/maps/d/edit?hl=pt-BR&mid=10HwNRTu34UfYUParmwc_21swb9OrORy8&ll=-23.491120767237867%2C-46.59948536465595&z=11";"Sem Coordenadas"
"DMP/A.LES.26.01913";"Religador Automático";"15/09/2026";"Liberado para Execução";"FI";"16724484";"356ET160538";"10:30";"14:30";"Alpitel Energy (Área 7, 8A e 10) NEC";"LES";"-23.585807489177";"-46.4139726066539";"Com coordenadas";"https://www.google.com/maps/search/?api=1&query=-23.585807489177,-46.4139726066539";"https://www.google.com/maps/d/edit?hl=pt-BR&mid=10HwNRTu34UfYUParmwc_21swb9OrORy8&ll=-23.491120767237867%2C-46.59948536465595&z=11";"MyMaps"
"DMP/A.LES.26.02040";"Reforma de Rede Secundária";"15/09/2026";"Liberado para Documentação";"";"";"";"";"";"ZZOUT-PSC Alpitel Área 9";"LES";"";"";"Sem coordenadas";"";"https://www.google.com/maps/d/edit?hl=pt-BR&mid=10HwNRTu34UfYUParmwc_21swb9OrORy8&ll=-23.491120767237867%2C-46.59948536465595&z=11";"Sem Coordenadas"
"DMP/A.LES.26.03104";"Rede Compacta";"15/09/2026";"Liberado para Execução";"PIE";"16750513";"356ET052591";"10:00";"14:00";"Engelmig (Área 11) NEC e UPS";"LES";"-23.5848048277106";"-46.4194938206928";"Com coordenadas";"https://www.google.com/maps/search/?api=1&query=-23.5848048277106,-46.4194938206928";"https://www.google.com/maps/d/edit?hl=pt-BR&mid=10HwNRTu34UfYUParmwc_21swb9OrORy8&ll=-23.491120767237867%2C-46.59948536465595&z=11";"MyMaps"
"DMP/A.LES.26.03105";"Rede Compacta";"15/09/2026";"Liberado para Execução";"PIE";"16750513";"356ET052591";"10:00";"14:00";"Engelmig (Área 11) NEC e UPS";"LES";"-23.5848048277106";"-46.4194938206928";"Com coordenadas";"https://www.google.com/maps/search/?api=1&query=-23.5848048277106,-46.4194938206928";"https://www.google.com/maps/d/edit?hl=pt-BR&mid=10HwNRTu34UfYUParmwc_21swb9OrORy8&ll=-23.491120767237867%2C-46.59948536465595&z=11";"MyMaps"
"DAC/A.LES.26.00503";"Alteração de Carga";"16/09/2026";"Liberado para Execução";"FI";"16709463";"352ET009390";"10:00";"13:00";"Conecta Obras Extras (Área 8B, 9 e 11) NEC";"LES";"-23.5116386658207";"-46.4984802149367";"Com coordenadas";"https://www.google.com/maps/search/?api=1&query=-23.5116386658207,-46.4984802149367";"https://www.google.com/maps/d/edit?hl=pt-BR&mid=10HwNRTu34UfYUParmwc_21swb9OrORy8&ll=-23.491120767237867%2C-46.59948536465595&z=11";"MyMaps"
"DAC/A.LES.26.00712";"Ligação Nova";"16/09/2026";"Liberado para Execução";"FI";"16704882";"352ET161096";"00:30";"04:30";"Start Engenharia (Área 8B, 9  e 11) NEC";"LES";"-23.4936589441085";"-46.4432718497251";"Com coordenadas";"https://www.google.com/maps/search/?api=1&query=-23.4936589441085,-46.4432718497251";"https://www.google.com/maps/d/edit?hl=pt-BR&mid=10HwNRTu34UfYUParmwc_21swb9OrORy8&ll=-23.491120767237867%2C-46.59948536465595&z=11";"MyMaps"
"DAC/A.LES.26.01162";"Alteração de Carga";"16/09/2026";"Liberado para Execução";"FI";"16705021";"353ET010450";"10:00";"14:00";"Conecta Obras Extras (Área 8B, 9 e 11) NEC";"LES";"-23.5615460166271";"-46.5296501867278";"Com coordenadas";"https://www.google.com/maps/search/?api=1&query=-23.5615460166271,-46.5296501867278";"https://www.google.com/maps/d/edit?hl=pt-BR&mid=10HwNRTu34UfYUParmwc_21swb9OrORy8&ll=-23.491120767237867%2C-46.59948536465595&z=11";"MyMaps"
"DAC/A.LES.26.01178";"Ligação Nova";"16/09/2026";"Liberado para Execução";"FI";"16705222";"353BF150744";"14:00";"17:00";"Conecta Obras Extras (Área 8B, 9 e 11) NEC";"LES";"-23.5246012033243";"-46.6171489577693";"Com coordenadas";"https://www.google.com/maps/search/?api=1&query=-23.5246012033243,-46.6171489577693";"https://www.google.com/maps/d/edit?hl=pt-BR&mid=10HwNRTu34UfYUParmwc_21swb9OrORy8&ll=-23.491120767237867%2C-46.59948536465595&z=11";"MyMaps"
"DMP/A.LES.24.04905";"Rede Compacta";"16/09/2026";"Liberado para Execução";"PIE";"RESOLVIDO";"353ET013232";"10:00";"14:00";"ZZOUT-Start Área 8B+11 (Contrato Antigo)";"LES";"-23.5581110442241";"-46.5318243574902";"Com coordenadas";"https://www.google.com/maps/search/?api=1&query=-23.5581110442241,-46.5318243574902";"https://www.google.com/maps/d/edit?hl=pt-BR&mid=10HwNRTu34UfYUParmwc_21swb9OrORy8&ll=-23.491120767237867%2C-46.59948536465595&z=11";"MyMaps"
"DMP/A.LES.25.02391";"Religador Automático";"16/09/2026";"Liberado para Execução";"FI";"16709514";"353BF053837";"10:30";"13:30";"Alpitel Energy (Área 7, 8A e 10) NEC";"LES";"-23.5593306883145";"-46.4889195608674";"Com coordenadas";"https://www.google.com/maps/search/?api=1&query=-23.5593306883145,-46.4889195608674";"https://www.google.com/maps/d/edit?hl=pt-BR&mid=10HwNRTu34UfYUParmwc_21swb9OrORy8&ll=-23.491120767237867%2C-46.59948536465595&z=11";"MyMaps"
"DMP/A.LES.26.01969";"Rede Compacta";"16/09/2026";"Liberado para Execução";"PIE";"RESOLVIDO";"356ET093025";"10:00";"14:00";"Engelmig (Área 11) NEC e UPS";"LES";"-23.5833900881955";"-46.4114614269783";"Com coordenadas";"https://www.google.com/maps/search/?api=1&query=-23.5833900881955,-46.4114614269783";"https://www.google.com/maps/d/edit?hl=pt-BR&mid=10HwNRTu34UfYUParmwc_21swb9OrORy8&ll=-23.491120767237867%2C-46.59948536465595&z=11";"MyMaps"
"DMP/A.LES.26.02771";"Religador Automático";"16/09/2026";"Liberado para Execução";"FI";"1670500";"356ET167577";"10:30";"14:30";"Alpitel Energy (Área 7, 8A e 10) NEC";"LES";"-23.5704975060509";"-46.4185501004916";"Com coordenadas";"https://www.google.com/maps/search/?api=1&query=-23.5704975060509,-46.4185501004916";"https://www.google.com/maps/d/edit?hl=pt-BR&mid=10HwNRTu34UfYUParmwc_21swb9OrORy8&ll=-23.491120767237867%2C-46.59948536465595&z=11";"MyMaps"
"DMP/A.LES.26.03188";"Rede Compacta";"16/09/2026";"Liberado para Execução";"PIE";"RESOLVIDO";"356ET093025";"10:00";"14:00";"Engelmig (Área 11) NEC e UPS";"LES";"-23.5833900881955";"-46.4114614269783";"Com coordenadas";"https://www.google.com/maps/search/?api=1&query=-23.5833900881955,-46.4114614269783";"https://www.google.com/maps/d/edit?hl=pt-BR&mid=10HwNRTu34UfYUParmwc_21swb9OrORy8&ll=-23.491120767237867%2C-46.59948536465595&z=11";"MyMaps"
"DAC/A.ABC.26.00389";"Ligação Nova";"17/09/2026";"Liberado para Documentação";"PIE";"";"010IP031110";"02:30";"04:30";"Start Engenharia (Área 8B, 9  e 11) NEC";"ABC";"-23.6605819578161";"-46.5426431490056";"Com coordenadas";"https://www.google.com/maps/search/?api=1&query=-23.6605819578161,-46.5426431490056";"https://www.google.com/maps/d/edit?hl=pt-BR&mid=10HwNRTu34UfYUParmwc_21swb9OrORy8&ll=-23.491120767237867%2C-46.59948536465595&z=11";"MyMaps"
"DAC/A.ABC.26.00402";"Ligação Nova";"17/09/2026";"Liberado para Execução";"FI";"16735631";"010ET087001";"23:30";"04:30";"Start Engenharia (Área 8B, 9  e 11) NEC";"ABC";"-23.6926165733575";"-46.5065204076559";"Com coordenadas";"https://www.google.com/maps/search/?api=1&query=-23.6926165733575,-46.5065204076559";"https://www.google.com/maps/d/edit?hl=pt-BR&mid=10HwNRTu34UfYUParmwc_21swb9OrORy8&ll=-23.491120767237867%2C-46.59948536465595&z=11";"MyMaps"
"DAC/A.LES.26.00551";"Ligação Nova";"17/09/2026";"Liberado para Execução";"";"";"";"";"";"Start Engenharia (Área 8B, 9  e 11) NEC";"LES";"";"";"Sem coordenadas";"";"https://www.google.com/maps/d/edit?hl=pt-BR&mid=10HwNRTu34UfYUParmwc_21swb9OrORy8&ll=-23.491120767237867%2C-46.59948536465595&z=11";"Sem Coordenadas"
"DAC/A.LES.26.00649";"Ligação Nova";"17/09/2026";"Liberado para Execução";"";"";"";"";"";"Start Engenharia (Área 8B, 9  e 11) NEC";"LES";"";"";"Sem coordenadas";"";"https://www.google.com/maps/d/edit?hl=pt-BR&mid=10HwNRTu34UfYUParmwc_21swb9OrORy8&ll=-23.491120767237867%2C-46.59948536465595&z=11";"Sem Coordenadas"
"DAC/A.LES.26.00854";"Alteração de Carga";"17/09/2026";"Liberado para Execução";"PIE";"DEVOLVIDO";"353ET006232";"10:00";"14:00";"Start Engenharia (Área 8B, 9  e 11) NEC";"LES";"-23.5504000237103";"-46.5307945918568";"Com coordenadas";"https://www.google.com/maps/search/?api=1&query=-23.5504000237103,-46.5307945918568";"https://www.google.com/maps/d/edit?hl=pt-BR&mid=10HwNRTu34UfYUParmwc_21swb9OrORy8&ll=-23.491120767237867%2C-46.59948536465595&z=11";"MyMaps"
"DAC/A.LES.26.00862";"Remoção de Poste";"17/09/2026";"Liberado para Execução";"";"";"";"";"";"Start Engenharia (Área 8B, 9  e 11) NEC";"LES";"";"";"Sem coordenadas";"";"https://www.google.com/maps/d/edit?hl=pt-BR&mid=10HwNRTu34UfYUParmwc_21swb9OrORy8&ll=-23.491120767237867%2C-46.59948536465595&z=11";"Sem Coordenadas"
"DAC/A.LES.26.00886";"Alteração de Carga";"17/09/2026";"Liberado para Execução";"FI";"16705489";"356ET070590";"09:40";"12:40";"Start Engenharia (Área 8B, 9  e 11) NEC";"LES";"-23.578097959751";"-46.4044874008412";"Com coordenadas";"https://www.google.com/maps/search/?api=1&query=-23.578097959751,-46.4044874008412";"https://www.google.com/maps/d/edit?hl=pt-BR&mid=10HwNRTu34UfYUParmwc_21swb9OrORy8&ll=-23.491120767237867%2C-46.59948536465595&z=11";"MyMaps"
"DAC/A.LES.26.00904";"Ligação Nova";"17/09/2026";"Liberado para Execução";"";"";"";"";"";"Start Engenharia (Área 8B, 9  e 11) NEC";"LES";"";"";"Sem coordenadas";"";"https://www.google.com/maps/d/edit?hl=pt-BR&mid=10HwNRTu34UfYUParmwc_21swb9OrORy8&ll=-23.491120767237867%2C-46.59948536465595&z=11";"Sem Coordenadas"
"DMP/A.LES.22.01917";"Rede Compacta";"17/09/2026";"Liberado para Execução";"FI";"16705326";"356ET093225";"10:00";"14:00";"Engelmig (Área 11) NEC e UPS";"LES";"-23.5926572826185";"-46.4142749307943";"Com coordenadas";"https://www.google.com/maps/search/?api=1&query=-23.5926572826185,-46.4142749307943";"https://www.google.com/maps/d/edit?hl=pt-BR&mid=10HwNRTu34UfYUParmwc_21swb9OrORy8&ll=-23.491120767237867%2C-46.59948536465595&z=11";"MyMaps"
"DMP/A.LES.25.02390";"Religador Automático";"17/09/2026";"Liberado para Execução";"FI";"16735860";"353ET043737";"10:30";"13:30";"Alpitel Energy (Área 7, 8A e 10) NEC";"LES";"-23.5632162374536";"-46.4869765813163";"Com coordenadas";"https://www.google.com/maps/search/?api=1&query=-23.5632162374536,-46.4869765813163";"https://www.google.com/maps/d/edit?hl=pt-BR&mid=10HwNRTu34UfYUParmwc_21swb9OrORy8&ll=-23.491120767237867%2C-46.59948536465595&z=11";"MyMaps"
"DMP/A.LES.26.02811";"Religador Automático";"17/09/2026";"Liberado para Execução";"FI";"16705505";"356ET070370";"10:30";"14:30";"Alpitel Energy (Área 7, 8A e 10) NEC";"LES";"-23.6217114982805";"-46.4940548669251";"Com coordenadas";"https://www.google.com/maps/search/?api=1&query=-23.6217114982805,-46.4940548669251";"https://www.google.com/maps/d/edit?hl=pt-BR&mid=10HwNRTu34UfYUParmwc_21swb9OrORy8&ll=-23.491120767237867%2C-46.59948536465595&z=11";"MyMaps"
"DAC/A.LES.25.00613";"Ligação Nova";"18/09/2026";"Liberado para Documentação";"BRA";"";"353ET000516";"13:00";"16:00";"Start Engenharia (Área 8B, 9  e 11) NEC";"LES";"-23.5397416994279";"-46.5531103077299";"Com coordenadas";"https://www.google.com/maps/search/?api=1&query=-23.5397416994279,-46.5531103077299";"https://www.google.com/maps/d/edit?hl=pt-BR&mid=10HwNRTu34UfYUParmwc_21swb9OrORy8&ll=-23.491120767237867%2C-46.59948536465595&z=11";"MyMaps"
"DAC/A.LES.25.01231";"Alteração de Carga";"18/09/2026";"Liberado para Execução";"FI";"16747027";"352ET055266";"13:00";"16:00";"Start Engenharia (Área 8B, 9  e 11) NEC";"LES";"-23.5363775772929";"-46.4820701644203";"Com coordenadas";"https://www.google.com/maps/search/?api=1&query=-23.5363775772929,-46.4820701644203";"https://www.google.com/maps/d/edit?hl=pt-BR&mid=10HwNRTu34UfYUParmwc_21swb9OrORy8&ll=-23.491120767237867%2C-46.59948536465595&z=11";"MyMaps"
"DAC/A.LES.26.00869";"Ligação Nova";"18/09/2026";"Liberado para Documentação";"BRA";"";"352ET015412";"09:00";"16:00";"Start Engenharia (Área 8B, 9  e 11) NEC";"LES";"-23.4938974907656";"-46.3926508880198";"Com coordenadas";"https://www.google.com/maps/search/?api=1&query=-23.4938974907656,-46.3926508880198";"https://www.google.com/maps/d/edit?hl=pt-BR&mid=10HwNRTu34UfYUParmwc_21swb9OrORy8&ll=-23.491120767237867%2C-46.59948536465595&z=11";"MyMaps"
"DAC/A.LES.26.01091";"Ligação Nova";"18/09/2026";"Liberado para Execução";"FI";"16710041";"352ET037901";"09:30";"13:30";"Start Engenharia (Área 8B, 9  e 11) NEC";"LES";"-23.5379142058527";"-46.4828709731427";"Com coordenadas";"https://www.google.com/maps/search/?api=1&query=-23.5379142058527,-46.4828709731427";"https://www.google.com/maps/d/edit?hl=pt-BR&mid=10HwNRTu34UfYUParmwc_21swb9OrORy8&ll=-23.491120767237867%2C-46.59948536465595&z=11";"MyMaps"
"DMP/A.LES.22.02023";"Rede Compacta";"18/09/2026";"Liberado para Execução";"PIE";"RESOLVIDO";"356ET093221";"10:00";"14:00";"Engelmig (Área 11) NEC e UPS";"LES";"-23.5942130300213";"-46.4140074339981";"Com coordenadas";"https://www.google.com/maps/search/?api=1&query=-23.5942130300213,-46.4140074339981";"https://www.google.com/maps/d/edit?hl=pt-BR&mid=10HwNRTu34UfYUParmwc_21swb9OrORy8&ll=-23.491120767237867%2C-46.59948536465595&z=11";"MyMaps"
"DMP/A.LES.25.00982";"Religador Automático";"18/09/2026";"Liberado para Documentação";"";"";"";"";"";"Alpitel Energy (Área 7, 8A e 10) NEC";"LES";"";"";"Sem coordenadas";"";"https://www.google.com/maps/d/edit?hl=pt-BR&mid=10HwNRTu34UfYUParmwc_21swb9OrORy8&ll=-23.491120767237867%2C-46.59948536465595&z=11";"Sem Coordenadas"
"DMP/A.LES.26.02702";"Religador Automático";"18/09/2026";"Liberado para Execução";"";"";"";"";"";"Alpitel Energy (Área 7, 8A e 10) NEC";"LES";"";"";"Sem coordenadas";"";"https://www.google.com/maps/d/edit?hl=pt-BR&mid=10HwNRTu34UfYUParmwc_21swb9OrORy8&ll=-23.491120767237867%2C-46.59948536465595&z=11";"Sem Coordenadas"
"DAC/A.LES.25.00103";"Alteração de Carga";"19/09/2026";"Liberado para Execução";"FI";"16736999";"353ET024222";"10:00";"14:00";"Start Engenharia (Área 8B, 9  e 11) NEC";"LES";"-23.5316490219943";"-46.5448677878339";"Com coordenadas";"https://www.google.com/maps/search/?api=1&query=-23.5316490219943,-46.5448677878339";"https://www.google.com/maps/d/edit?hl=pt-BR&mid=10HwNRTu34UfYUParmwc_21swb9OrORy8&ll=-23.491120767237867%2C-46.59948536465595&z=11";"MyMaps"
"DAC/A.LES.25.00883";"Alteração de Carga";"19/09/2026";"Liberado para Execução";"FI";"16737301";"353ET034988";"00:30";"04:30";"Start Engenharia (Área 8B, 9  e 11) NEC";"LES";"-23.535124533782";"-46.5773667500518";"Com coordenadas";"https://www.google.com/maps/search/?api=1&query=-23.535124533782,-46.5773667500518";"https://www.google.com/maps/d/edit?hl=pt-BR&mid=10HwNRTu34UfYUParmwc_21swb9OrORy8&ll=-23.491120767237867%2C-46.59948536465595&z=11";"MyMaps"
"DAC/A.LES.25.00888";"Alteração de Carga";"19/09/2026";"Liberado para Execução";"FI";"16737301";"353ET034988";"00:30";"04:30";"Start Engenharia (Área 8B, 9  e 11) NEC";"LES";"-23.535124533782";"-46.5773667500518";"Com coordenadas";"https://www.google.com/maps/search/?api=1&query=-23.535124533782,-46.5773667500518";"https://www.google.com/maps/d/edit?hl=pt-BR&mid=10HwNRTu34UfYUParmwc_21swb9OrORy8&ll=-23.491120767237867%2C-46.59948536465595&z=11";"MyMaps"
"DAC/A.LES.25.01128";"Ligação Nova";"19/09/2026";"Liberado para Execução";"FI";"16733564";"010ET005790";"09:50";"13:50";"Start Engenharia (Área 8B, 9  e 11) NEC";"LES";"-23.6522233163597";"-46.5379228966286";"Com coordenadas";"https://www.google.com/maps/search/?api=1&query=-23.6522233163597,-46.5379228966286";"https://www.google.com/maps/d/edit?hl=pt-BR&mid=10HwNRTu34UfYUParmwc_21swb9OrORy8&ll=-23.491120767237867%2C-46.59948536465595&z=11";"MyMaps"
"DAC/A.LES.26.00559";"Remoção de Poste";"19/09/2026";"Liberado para Execução";"FI";"16733787";"015ET233477";"09:40";"13:40";"Start Engenharia (Área 8B, 9  e 11) NEC";"LES";"-23.7048251810508";"-46.4746191484887";"Com coordenadas";"https://www.google.com/maps/search/?api=1&query=-23.7048251810508,-46.4746191484887";"https://www.google.com/maps/d/edit?hl=pt-BR&mid=10HwNRTu34UfYUParmwc_21swb9OrORy8&ll=-23.491120767237867%2C-46.59948536465595&z=11";"MyMaps"
"DAC/A.LES.26.00856";"Ligação Nova";"19/09/2026";"Liberado para Execução";"FI";"16737275";"353ET077250";"10:30";"14:30";"Conecta Obras Extras (Área 8B, 9 e 11) NEC";"LES";"-23.5639072470579";"-46.5079582036611";"Com coordenadas";"https://www.google.com/maps/search/?api=1&query=-23.5639072470579,-46.5079582036611";"https://www.google.com/maps/d/edit?hl=pt-BR&mid=10HwNRTu34UfYUParmwc_21swb9OrORy8&ll=-23.491120767237867%2C-46.59948536465595&z=11";"MyMaps"
"DMP/A.LES.22.05445";"Reforma de Rede Secundária";"19/09/2026";"Liberado para Execução";"FI";"16737090";"353ET034068";"09:30";"13:30";"Start Engenharia (Área 8B, 9  e 11) NEC";"LES";"-23.5059450605355";"-46.5138585342209";"Com coordenadas";"https://www.google.com/maps/search/?api=1&query=-23.5059450605355,-46.5138585342209";"https://www.google.com/maps/d/edit?hl=pt-BR&mid=10HwNRTu34UfYUParmwc_21swb9OrORy8&ll=-23.491120767237867%2C-46.59948536465595&z=11";"MyMaps"
"DMP/A.LES.26.01923";"Religador Automático";"19/09/2026";"Pendente de Aprovação";"FI";"";"356ET167702";"10:30";"14:30";"Alpitel Energy (Área 7, 8A e 10) NEC";"LES";"-23.6177937145111";"-46.4164329837452";"Com coordenadas";"https://www.google.com/maps/search/?api=1&query=-23.6177937145111,-46.4164329837452";"https://www.google.com/maps/d/edit?hl=pt-BR&mid=10HwNRTu34UfYUParmwc_21swb9OrORy8&ll=-23.491120767237867%2C-46.59948536465595&z=11";"MyMaps"
"DMP/A.LES.26.02766";"Religador Automático";"19/09/2026";"Liberado para Execução";"FI";"RESOLVIDO";"356ET162636";"10:30";"14:30";"Alpitel Energy (Área 7, 8A e 10) NEC";"LES";"-23.5667073148309";"-46.4196792686996";"Com coordenadas";"https://www.google.com/maps/search/?api=1&query=-23.5667073148309,-46.4196792686996";"https://www.google.com/maps/d/edit?hl=pt-BR&mid=10HwNRTu34UfYUParmwc_21swb9OrORy8&ll=-23.491120767237867%2C-46.59948536465595&z=11";"MyMaps"
"DAC/A.LES.25.01112";"Remoção de Poste";"20/09/2026";"Liberado para Documentação";"FI";"16744119";"353ET037967";"10:00";"14:00";"Conecta Obras Extras (Área 8B, 9 e 11) NEC";"LES";"-23.5661528272021";"-46.5119907620277";"Com coordenadas";"https://www.google.com/maps/search/?api=1&query=-23.5661528272021,-46.5119907620277";"https://www.google.com/maps/d/edit?hl=pt-BR&mid=10HwNRTu34UfYUParmwc_21swb9OrORy8&ll=-23.491120767237867%2C-46.59948536465595&z=11";"MyMaps"
"DMP/A.LES.23.02503";"Rede Compacta";"20/09/2026";"Pendente de Aprovação";"PIE";"";"010ET014523";"10:00";"14:00";"Engelmig (Área 11) NEC e UPS";"LES";"-23.6319675699842";"-46.5315535602162";"Com coordenadas";"https://www.google.com/maps/search/?api=1&query=-23.6319675699842,-46.5315535602162";"https://www.google.com/maps/d/edit?hl=pt-BR&mid=10HwNRTu34UfYUParmwc_21swb9OrORy8&ll=-23.491120767237867%2C-46.59948536465595&z=11";"MyMaps"
"DMP/A.LES.23.02517";"Rede Compacta";"20/09/2026";"Pendente de Aprovação";"PIE";"";"010ET014523";"10:00";"14:00";"Engelmig (Área 11) NEC e UPS";"LES";"-23.6319675699842";"-46.5315535602162";"Com coordenadas";"https://www.google.com/maps/search/?api=1&query=-23.6319675699842,-46.5315535602162";"https://www.google.com/maps/d/edit?hl=pt-BR&mid=10HwNRTu34UfYUParmwc_21swb9OrORy8&ll=-23.491120767237867%2C-46.59948536465595&z=11";"MyMaps"
"DMP/A.LES.26.05563";"Substituição de Poste em Mau Estado";"20/09/2026";"Liberado para Documentação";"PIE";"";"356BF054476";"10:00";"14:00";"Conecta Obras Extras (Área 8B, 9 e 11) NEC";"LES";"-23.5976428265914";"-46.4590228089764";"Com coordenadas";"https://www.google.com/maps/search/?api=1&query=-23.5976428265914,-46.4590228089764";"https://www.google.com/maps/d/edit?hl=pt-BR&mid=10HwNRTu34UfYUParmwc_21swb9OrORy8&ll=-23.491120767237867%2C-46.59948536465595&z=11";"MyMaps"
