Projeto;Tipo de Serviço;Data Prog.;Status;Intervenção;PowerON;Equipamento;Horário Início;Horário Fim;Parceira;Região;Latitude;Longitude;Link Google Maps URL;Link My Maps URL
DAC/A.LES.25.00856;Remoção de Poste;31/07/2026;Liberado para Execução;FI;16540778;356ET162220;10:00;14:00;Start Engenharia (Área 8B, 9  e 11) NEC;LES;-23.59611364;-46.4410643;https://www.google.com/maps/search/?api=1&query=-23.59611364,-46.4410643;https://www.google.com/maps/d/edit?mid=10HwNRTu34UfYUParmwc_21swb9OrORy8&usp=sharing
DAC/A.LES.26.00787;Migração para Baixa Tensão;31/07/2026;Liberado para Execução;FI;16547223;353ET025853;00:15;04:15;Start Engenharia (Área 8B, 9  e 11) NEC;LES;-23.54329011;-46.62486737;https://www.google.com/maps/search/?api=1&query=-23.54329011,-46.62486737;https://www.google.com/maps/d/edit?mid=10HwNRTu34UfYUParmwc_21swb9OrORy8&usp=sharing
DAC/A.LES.26.00843;Ligação Nova;31/07/2026;Liberado para Execução;FI;16532953;356ET054593;10:00;14:00;Start Engenharia (Área 8B, 9  e 11) NEC;LES;-23.58766662;-46.404942;https://www.google.com/maps/search/?api=1&query=-23.58766662,-46.404942;https://www.google.com/maps/d/edit?mid=10HwNRTu34UfYUParmwc_21swb9OrORy8&usp=sharing
DMP/A.LES.25.03169;Substituição de Poste em Mau Estado;31/07/2026;Liberado para Execução;FI;16520583;025ET068606;10:00;14:00;Start Engenharia (Área 8B, 9  e 11) NEC;LES;-23.76592319;-46.41222655;https://www.google.com/maps/search/?api=1&query=-23.76592319,-46.41222655;https://www.google.com/maps/d/edit?mid=10HwNRTu34UfYUParmwc_21swb9OrORy8&usp=sharing
DMP/A.LES.26.01047;Rede Compacta;31/07/2026;Liberado para Documentação;PIE;nan;356ET161110;10:00;14:00;Engelmig (Área 11) NEC e UPS;LES;-23.616621;-46.41077829;https://www.google.com/maps/search/?api=1&query=-23.616621,-46.41077829;https://www.google.com/maps/d/edit?mid=10HwNRTu34UfYUParmwc_21swb9OrORy8&usp=sharing
DMP/A.NOR.25.05923;Substituição de Poste em Mau Estado;31/07/2026;Liberado para Execução;FI;16532350;251ET004262;10:00;14:00;Conecta Obras (Área 4 e 5) NEC;NOR;-23.6432245;-46.64737892;https://www.google.com/maps/search/?api=1&query=-23.6432245,-46.64737892;https://www.google.com/maps/d/edit?mid=10HwNRTu34UfYUParmwc_21swb9OrORy8&usp=sharing
DMP/A.NOR.25.06399;Reforma de Rede Secundária;31/07/2026;Liberado para Execução;FI;16532116;251ET010312;10:00;14:00;Conecta Obras (Área 4 e 5) NEC;NOR;-23.63434339;-46.66682684;https://www.google.com/maps/search/?api=1&query=-23.63434339,-46.66682684;https://www.google.com/maps/d/edit?mid=10HwNRTu34UfYUParmwc_21swb9OrORy8&usp=sharing
DMP/A.NOR.25.06464;Reforma de Rede Secundária;31/07/2026;Liberado para Execução;FI;16532787;351ET094849;10:00;14:00;ZZOUT-Conecta Área 4 (Contrato Antigo);NOR;-23.43347306;-46.74831606;https://www.google.com/maps/search/?api=1&query=-23.43347306,-46.74831606;https://www.google.com/maps/d/edit?mid=10HwNRTu34UfYUParmwc_21swb9OrORy8&usp=sharing
DMP/A.NOR.25.07524;Segurança Operativa;31/07/2026;Liberado para Execução;FI;16531798;251BF074167;10:00;14:00;Conecta Obras (Área 4 e 5) NEC;NOR;-23.62228104;-46.64014858;https://www.google.com/maps/search/?api=1&query=-23.62228104,-46.64014858;https://www.google.com/maps/d/edit?mid=10HwNRTu34UfYUParmwc_21swb9OrORy8&usp=sharing
DMP/A.NOR.25.07525;Segurança Operativa;31/07/2026;Liberado para Documentação;PIE;16546591;257BF011894;10:00;14:00;Conecta Obras (Área 4 e 5) NEC;NOR;-23.62986328;-46.62280411;https://www.google.com/maps/search/?api=1&query=-23.62986328,-46.62280411;https://www.google.com/maps/d/edit?mid=10HwNRTu34UfYUParmwc_21swb9OrORy8&usp=sharing
DMP/A.NOR.26.00664;Segurança Operativa;31/07/2026;Liberado para Execução;FI;16531798;251BF074167;10:00;14:00;Conecta Obras (Área 4 e 5) NEC;NOR;-23.62228104;-46.64014858;https://www.google.com/maps/search/?api=1&query=-23.62228104,-46.64014858;https://www.google.com/maps/d/edit?mid=10HwNRTu34UfYUParmwc_21swb9OrORy8&usp=sharing
DMP/A.NOR.26.00666;Segurança Operativa;31/07/2026;Liberado para Execução;PIE;16546591;257BF011894;10:00;14:00;Conecta Obras (Área 4 e 5) NEC;NOR;-23.62986328;-46.62280411;https://www.google.com/maps/search/?api=1&query=-23.62986328,-46.62280411;https://www.google.com/maps/d/edit?mid=10HwNRTu34UfYUParmwc_21swb9OrORy8&usp=sharing
DMP/A.NOR.26.02621;Reforma de Rede Secundária;31/07/2026;Liberado para Execução;FI;16532787;351ET094849;10:00;14:00;ZZOUT-Conecta Área 4 (Contrato Antigo);NOR;-23.43347306;-46.74831606;https://www.google.com/maps/search/?api=1&query=-23.43347306,-46.74831606;https://www.google.com/maps/d/edit?mid=10HwNRTu34UfYUParmwc_21swb9OrORy8&usp=sharing
DMP/A.NOR.26.04262;Segurança Operativa;31/07/2026;Liberado para Execução;FI;16548643;354ET500632;10:00;14:00;Conecta Obras (Área 4 e 5) NEC;NOR;-23.51171671;-46.55934515;https://www.google.com/maps/search/?api=1&query=-23.51171671,-46.55934515;https://www.google.com/maps/d/edit?mid=10HwNRTu34UfYUParmwc_21swb9OrORy8&usp=sharing
DAC/A.ABC.26.00003;Migração para Média Tensão;01/08/2026;Liberado para Execução;FI;16533249;020ET013027;00:30;04:30;Start Engenharia (Área 8B, 9  e 11) NEC;ABC;-23.72867316;-46.43069787;https://www.google.com/maps/search/?api=1&query=-23.72867316,-46.43069787;https://www.google.com/maps/d/edit?mid=10HwNRTu34UfYUParmwc_21swb9OrORy8&usp=sharing
DAC/A.LES.22.00766;Remoção de Poste;01/08/2026;Liberado para Execução;PIE;16552551;356ET160625;10:00;14:00;Start Engenharia (Área 8B, 9  e 11) NEC;LES;-23.59448145;-46.44285049;https://www.google.com/maps/search/?api=1&query=-23.59448145,-46.44285049;https://www.google.com/maps/d/edit?mid=10HwNRTu34UfYUParmwc_21swb9OrORy8&usp=sharing
DAC/A.LES.22.00853;Remoção de Poste;01/08/2026;Liberado para Documentação;PIE;nan;356ET044956;10:00;14:00;Start Engenharia (Área 8B, 9  e 11) NEC;LES;-23.5935782;-46.44277104;https://www.google.com/maps/search/?api=1&query=-23.5935782,-46.44277104;https://www.google.com/maps/d/edit?mid=10HwNRTu34UfYUParmwc_21swb9OrORy8&usp=sharing
DAC/A.LES.26.00868;Ligação Nova;01/08/2026;Liberado para Execução;PIE;nan;355ET021670;10:00;15:00;Start Engenharia (Área 8B, 9  e 11) NEC;LES;-23.54304968;-46.58510282;https://www.google.com/maps/search/?api=1&query=-23.54304968,-46.58510282;https://www.google.com/maps/d/edit?mid=10HwNRTu34UfYUParmwc_21swb9OrORy8&usp=sharing
DMP/A.LES.26.01988;Reforma de Rede Secundária;01/08/2026;Liberado para Execução;PIE;16548370;355ET022439;10:30;14:30;ZZOUT-PSC Alpitel Área 9;LES;-23.57482076;-46.53350947;https://www.google.com/maps/search/?api=1&query=-23.57482076,-46.53350947;https://www.google.com/maps/d/edit?mid=10HwNRTu34UfYUParmwc_21swb9OrORy8&usp=sharing
DMP/A.NOR.24.06688;Rede Compacta;01/08/2026;Liberado para Execução;PIE;16543561;257BF061113;10:00;14:00;Conecta Obras (Área 4 e 5) NEC;NOR;-23.63003325;-46.62095256;https://www.google.com/maps/search/?api=1&query=-23.63003325,-46.62095256;https://www.google.com/maps/d/edit?mid=10HwNRTu34UfYUParmwc_21swb9OrORy8&usp=sharing
DMP/A.NOR.24.06715;Rede Compacta;01/08/2026;Liberado para Execução;PIE;16543561;257BF061113;10:00;14:00;Conecta Obras (Área 4 e 5) NEC;NOR;-23.63003325;-46.62095256;https://www.google.com/maps/search/?api=1&query=-23.63003325,-46.62095256;https://www.google.com/maps/d/edit?mid=10HwNRTu34UfYUParmwc_21swb9OrORy8&usp=sharing
DAC/A.LES.25.01112;Remoção de Poste;02/08/2026;Liberado para Execução;FI;16537590;353ET037967;10:00;14:00;Conecta Obras Extras (Área 8B, 9 e 11) NEC;LES;-23.56615283;-46.51199076;https://www.google.com/maps/search/?api=1&query=-23.56615283,-46.51199076;https://www.google.com/maps/d/edit?mid=10HwNRTu34UfYUParmwc_21swb9OrORy8&usp=sharing
DMP/A.LES.26.02551;Segurança Operativa;02/08/2026;Liberado para Documentação;PIE;nan;356ET160585;10:30;14:30;Start Engenharia (Área 8B, 9  e 11) NEC;LES;-23.59697015;-46.45766404;https://www.google.com/maps/search/?api=1&query=-23.59697015,-46.45766404;https://www.google.com/maps/d/edit?mid=10HwNRTu34UfYUParmwc_21swb9OrORy8&usp=sharing
DMP/A.LES.26.02574;Segurança Operativa;02/08/2026;Liberado para Documentação;PIE;nan;356ET160585;10:30;14:30;Start Engenharia (Área 8B, 9  e 11) NEC;LES;-23.59697015;-46.45766404;https://www.google.com/maps/search/?api=1&query=-23.59697015,-46.45766404;https://www.google.com/maps/d/edit?mid=10HwNRTu34UfYUParmwc_21swb9OrORy8&usp=sharing
DMP/A.LES.26.02575;Segurança Operativa;02/08/2026;Liberado para Documentação;PIE;nan;356ET160585;10:30;14:30;Start Engenharia (Área 8B, 9  e 11) NEC;LES;-23.59697015;-46.45766404;https://www.google.com/maps/search/?api=1&query=-23.59697015,-46.45766404;https://www.google.com/maps/d/edit?mid=10HwNRTu34UfYUParmwc_21swb9OrORy8&usp=sharing
DMP/A.LES.26.02576;Segurança Operativa;02/08/2026;Liberado para Documentação;PIE;nan;356ET160585;10:30;14:30;Engelmig (Área 11) NEC e UPS;LES;-23.59697015;-46.45766404;https://www.google.com/maps/search/?api=1&query=-23.59697015,-46.45766404;https://www.google.com/maps/d/edit?mid=10HwNRTu34UfYUParmwc_21swb9OrORy8&usp=sharing
DMP/A.LES.26.02612;Segurança Operativa;02/08/2026;Liberado para Documentação;PIE;nan;356ET160585;10:30;14:30;Conecta Obras Extras (Área 8B, 9 e 11) NEC;LES;-23.59697015;-46.45766404;https://www.google.com/maps/search/?api=1&query=-23.59697015,-46.45766404;https://www.google.com/maps/d/edit?mid=10HwNRTu34UfYUParmwc_21swb9OrORy8&usp=sharing
DMP/A.LES.26.02615;Segurança Operativa;02/08/2026;Liberado para Documentação;PIE;nan;356ET160585;10:30;14:30;Engelmig (Área 11) NEC e UPS;LES;-23.59697015;-46.45766404;https://www.google.com/maps/search/?api=1&query=-23.59697015,-46.45766404;https://www.google.com/maps/d/edit?mid=10HwNRTu34UfYUParmwc_21swb9OrORy8&usp=sharing
DMP/A.LES.26.04918;Rede Compacta;02/08/2026;Liberado para Execução;PIE;RESOLVIDO;356ET032848;09:30;13:30;Engelmig (Área 11) NEC e UPS;LES;-23.61330055;-46.43980552;https://www.google.com/maps/search/?api=1&query=-23.61330055,-46.43980552;https://www.google.com/maps/d/edit?mid=10HwNRTu34UfYUParmwc_21swb9OrORy8&usp=sharing
DAC/A.NOR.24.01511;Ligação Nova;02/08/2026;Liberado para Execução;FI;16548204;257ET120020;10:00;14:00;Conecta Obras (Área 4 e 5) NEC;NOR;-23.58311482;-46.63468823;https://www.google.com/maps/search/?api=1&query=-23.58311482,-46.63468823;https://www.google.com/maps/d/edit?mid=10HwNRTu34UfYUParmwc_21swb9OrORy8&usp=sharing
DAC/A.NOR.25.01311;Ligação Nova;02/08/2026;Liberado para Documentação;BRA;nan;252BF072242;08:00;17:00;Conecta Obras (Área 4 e 5) NEC;NOR;-23.5618724;-46.67343622;https://www.google.com/maps/search/?api=1&query=-23.5618724,-46.67343622;https://www.google.com/maps/d/edit?mid=10HwNRTu34UfYUParmwc_21swb9OrORy8&usp=sharing
DAC/A.NOR.26.00502;Ligação Nova;02/08/2026;Cancelado;FI;16537614;354BF059111;10:00;14:00;Conecta Obras (Área 4 e 5) NEC;NOR;-23.48753146;-46.61085482;https://www.google.com/maps/search/?api=1&query=-23.48753146,-46.61085482;https://www.google.com/maps/d/edit?mid=10HwNRTu34UfYUParmwc_21swb9OrORy8&usp=sharing
DMP/A.NOR.25.06364;Reforma de Rede Secundária;02/08/2026;Liberado para Execução;FI;16537781;354ET051617;10:00;14:00;Conecta Obras (Área 4 e 5) NEC;NOR;-23.50330937;-46.63450757;https://www.google.com/maps/search/?api=1&query=-23.50330937,-46.63450757;https://www.google.com/maps/d/edit?mid=10HwNRTu34UfYUParmwc_21swb9OrORy8&usp=sharing
DMP/A.NOR.25.06391;Reforma de Rede Secundária;02/08/2026;Liberado para Execução;FI;16536835;151ET000217;10:00;14:00;Conecta Obras (Área 4 e 5) NEC;NOR;-23.55965915;-46.62852162;https://www.google.com/maps/search/?api=1&query=-23.55965915,-46.62852162;https://www.google.com/maps/d/edit?mid=10HwNRTu34UfYUParmwc_21swb9OrORy8&usp=sharing
DMP/A.NOR.25.07519;Segurança Operativa;02/08/2026;Liberado para Execução;PIE;16553230;251ET023809;10:00;14:00;Conecta Obras (Área 4 e 5) NEC;NOR;-23.62105037;-46.63584101;https://www.google.com/maps/search/?api=1&query=-23.62105037,-46.63584101;https://www.google.com/maps/d/edit?mid=10HwNRTu34UfYUParmwc_21swb9OrORy8&usp=sharing
DMP/A.NOR.26.00477;Reforma de Rede Secundária;02/08/2026;Liberado para Execução;FI;16536835;151ET000217;10:00;14:00;Conecta Obras (Área 4 e 5) NEC;NOR;-23.55965915;-46.62852162;https://www.google.com/maps/search/?api=1&query=-23.55965915,-46.62852162;https://www.google.com/maps/d/edit?mid=10HwNRTu34UfYUParmwc_21swb9OrORy8&usp=sharing
DMP/A.NOR.26.00478;Reforma de Rede Secundária;02/08/2026;Liberado para Execução;FI;16536835;151ET000217;10:00;14:00;Conecta Obras (Área 4 e 5) NEC;NOR;-23.55965915;-46.62852162;https://www.google.com/maps/search/?api=1&query=-23.55965915,-46.62852162;https://www.google.com/maps/d/edit?mid=10HwNRTu34UfYUParmwc_21swb9OrORy8&usp=sharing
DMP/A.NOR.26.00577;Segurança Operativa;02/08/2026;Liberado para Execução;PIE;16553230;251ET023809;10:00;14:00;Conecta Obras (Área 4 e 5) NEC;NOR;-23.62105037;-46.63584101;https://www.google.com/maps/search/?api=1&query=-23.62105037,-46.63584101;https://www.google.com/maps/d/edit?mid=10HwNRTu34UfYUParmwc_21swb9OrORy8&usp=sharing
DMP/A.NOR.26.00578;Segurança Operativa;02/08/2026;Liberado para Documentação;PIE;16553230;251ET023809;10:00;14:00;Conecta Obras (Área 4 e 5) NEC;NOR;-23.62105037;-46.63584101;https://www.google.com/maps/search/?api=1&query=-23.62105037,-46.63584101;https://www.google.com/maps/d/edit?mid=10HwNRTu34UfYUParmwc_21swb9OrORy8&usp=sharing
DMP/A.NOR.26.01055;Reforma de Rede Secundária;02/08/2026;Liberado para Execução;FI;16537781;354ET051617;10:00;14:00;Conecta Obras (Área 4 e 5) NEC;NOR;-23.50330937;-46.63450757;https://www.google.com/maps/search/?api=1&query=-23.50330937,-46.63450757;https://www.google.com/maps/d/edit?mid=10HwNRTu34UfYUParmwc_21swb9OrORy8&usp=sharing
DMP/A.NOR.26.01056;Reforma de Rede Secundária;02/08/2026;Liberado para Execução;FI;16537781;354ET051617;10:00;14:00;Conecta Obras (Área 4 e 5) NEC;NOR;-23.50330937;-46.63450757;https://www.google.com/maps/search/?api=1&query=-23.50330937,-46.63450757;https://www.google.com/maps/d/edit?mid=10HwNRTu34UfYUParmwc_21swb9OrORy8&usp=sharing
DAC/A.ABC.26.00094;Alteração de Carga;03/08/2026;Liberado para Execução;FI;16538041;015ET023024;10:00;14:00;Start Engenharia (Área 8B, 9  e 11) NEC;ABC;-23.64937384;-46.43757131;https://www.google.com/maps/search/?api=1&query=-23.64937384,-46.43757131;https://www.google.com/maps/d/edit?mid=10HwNRTu34UfYUParmwc_21swb9OrORy8&usp=sharing
DAC/A.LES.25.00673;Ligação Nova;03/08/2026;Liberado para Execução;FI;16538300;352ET029815;10:00;14:00;Start Engenharia (Área 8B, 9  e 11) NEC;LES;-23.50245977;-46.45698444;https://www.google.com/maps/search/?api=1&query=-23.50245977,-46.45698444;https://www.google.com/maps/d/edit?mid=10HwNRTu34UfYUParmwc_21swb9OrORy8&usp=sharing
DAC/A.LES.26.00847;Ligação Nova;03/08/2026;Liberado para Execução;FI;16548183;352ET017568;10:00;14:00;Start Engenharia (Área 8B, 9  e 11) NEC;LES;-23.51647664;-46.50996374;https://www.google.com/maps/search/?api=1&query=-23.51647664,-46.50996374;https://www.google.com/maps/d/edit?mid=10HwNRTu34UfYUParmwc_21swb9OrORy8&usp=sharing
DMP/A.LES.21.27088;Rede Compacta;03/08/2026;Liberado para Execução;PIE;RESOLVIDO;356ET166888;10:00;14:00;Engelmig (Área 11) NEC e UPS;LES;-23.61426294;-46.43493178;https://www.google.com/maps/search/?api=1&query=-23.61426294,-46.43493178;https://www.google.com/maps/d/edit?mid=10HwNRTu34UfYUParmwc_21swb9OrORy8&usp=sharing
DMP/A.LES.23.02284;Segurança Operativa;03/08/2026;Liberado para Execução;FI;DEVOLVIDO;010IP020983;10:00;14:00;Start Engenharia (Área 8B, 9  e 11) NEC;LES;-23.71323554;-46.50359021;https://www.google.com/maps/search/?api=1&query=-23.71323554,-46.50359021;https://www.google.com/maps/d/edit?mid=10HwNRTu34UfYUParmwc_21swb9OrORy8&usp=sharing
DMP/A.LES.24.04516;Segurança Operativa;03/08/2026;Liberado para Execução;FI;16538095;010ET221443;10:00;13:30;Start Engenharia (Área 8B, 9  e 11) NEC;LES;-23.7009144;-46.49290084;https://www.google.com/maps/search/?api=1&query=-23.7009144,-46.49290084;https://www.google.com/maps/d/edit?mid=10HwNRTu34UfYUParmwc_21swb9OrORy8&usp=sharing
DMP/A.LES.25.06550;Reforma de Rede Secundaria RTRI;03/08/2026;Liberado para Execução;FI;16538006;356ET052420;10:00;14:00;Start Engenharia (Área 8B, 9  e 11) NEC;LES;-23.51967543;-46.40659923;https://www.google.com/maps/search/?api=1&query=-23.51967543,-46.40659923;https://www.google.com/maps/d/edit?mid=10HwNRTu34UfYUParmwc_21swb9OrORy8&usp=sharing
DAC/A.LES.25.01179;Ligação Nova;04/08/2026;Liberado para Execução;FI;16542036;352ET163092;10:30;12:30;Conecta Obras Extras (Área 8B, 9 e 11) NEC;LES;-23.48830015;-46.50264284;https://www.google.com/maps/search/?api=1&query=-23.48830015,-46.50264284;https://www.google.com/maps/d/edit?mid=10HwNRTu34UfYUParmwc_21swb9OrORy8&usp=sharing
DAC/A.LES.25.01255;Ligação Nova;04/08/2026;Liberado para Execução;FI;16542036;352ET163092;10:30;12:30;Conecta Obras Extras (Área 8B, 9 e 11) NEC;LES;-23.48830015;-46.50264284;https://www.google.com/maps/search/?api=1&query=-23.48830015,-46.50264284;https://www.google.com/maps/d/edit?mid=10HwNRTu34UfYUParmwc_21swb9OrORy8&usp=sharing
DAC/A.LES.26.00894;Ligação Nova;04/08/2026;Liberado para Execução;FI;16542240;353ET017598;10:00;14:00;Start Engenharia (Área 8B, 9  e 11) NEC;LES;-23.52252514;-46.52775917;https://www.google.com/maps/search/?api=1&query=-23.52252514,-46.52775917;https://www.google.com/maps/d/edit?mid=10HwNRTu34UfYUParmwc_21swb9OrORy8&usp=sharing
DAC/A.LES.26.00972;Ligação Nova;04/08/2026;Liberado para Execução;FI;16542240;353ET017598;10:00;14:00;Start Engenharia (Área 8B, 9  e 11) NEC;LES;-23.52252514;-46.52775917;https://www.google.com/maps/search/?api=1&query=-23.52252514,-46.52775917;https://www.google.com/maps/d/edit?mid=10HwNRTu34UfYUParmwc_21swb9OrORy8&usp=sharing
DMP/A.LES.21.27009;Rede Compacta;04/08/2026;Liberado para Documentação;PIE;nan;356ET166688;10:00;14:00;Engelmig (Área 11) NEC e UPS;LES;-23.61262079;-46.45107418;https://www.google.com/maps/search/?api=1&query=-23.61262079,-46.45107418;https://www.google.com/maps/d/edit?mid=10HwNRTu34UfYUParmwc_21swb9OrORy8&usp=sharing
DAC/A.NOR.25.00236;Ligação Nova;04/08/2026;Liberado para Documentação;BRA;nan;251ET057775;09:00;17:00;Conecta Obras (Área 4 e 5) NEC;NOR;-23.61383083;-46.66875126;https://www.google.com/maps/search/?api=1&query=-23.61383083,-46.66875126;https://www.google.com/maps/d/edit?mid=10HwNRTu34UfYUParmwc_21swb9OrORy8&usp=sharing
DAC/A.NOR.25.01041;Ligação Nova;04/08/2026;Liberado para Documentação;BRA;nan;251ET005369;09:00;17:00;Conecta Obras (Área 4 e 5) NEC;NOR;-23.60653041;-46.69172623;https://www.google.com/maps/search/?api=1&query=-23.60653041,-46.69172623;https://www.google.com/maps/d/edit?mid=10HwNRTu34UfYUParmwc_21swb9OrORy8&usp=sharing
DMP/A.NOR.25.06467;Reforma de Rede Secundária;04/08/2026;Liberado para Execução;FI;16541989;351ET141064;10:00;14:00;ZZOUT-Conecta Área 4 (Contrato Antigo);NOR;-23.43698634;-46.79064905;https://www.google.com/maps/search/?api=1&query=-23.43698634,-46.79064905;https://www.google.com/maps/d/edit?mid=10HwNRTu34UfYUParmwc_21swb9OrORy8&usp=sharing
DMP/A.NOR.26.00596;Segurança Operativa;04/08/2026;Liberado para Execução;FI;16538768;251BF074178;10:00;14:00;Conecta Obras (Área 4 e 5) NEC;NOR;-23.61969753;-46.63935876;https://www.google.com/maps/search/?api=1&query=-23.61969753,-46.63935876;https://www.google.com/maps/d/edit?mid=10HwNRTu34UfYUParmwc_21swb9OrORy8&usp=sharing
DAC/A.ABC.26.00055;Migração para Média Tensão;05/08/2026;Liberado para Execução;FI;16542926;015ET068150;00:30;04:30;Start Engenharia (Área 8B, 9  e 11) NEC;ABC;-23.66510147;-46.4476826;https://www.google.com/maps/search/?api=1&query=-23.66510147,-46.4476826;https://www.google.com/maps/d/edit?mid=10HwNRTu34UfYUParmwc_21swb9OrORy8&usp=sharing
DAC/A.LES.26.00594;Alteração de Carga;05/08/2026;Liberado para Execução;FI;16543666;020ET033598;10:00;14:00;Start Engenharia (Área 8B, 9  e 11) NEC;LES;-23.71056268;-46.4054999;https://www.google.com/maps/search/?api=1&query=-23.71056268,-46.4054999;https://www.google.com/maps/d/edit?mid=10HwNRTu34UfYUParmwc_21swb9OrORy8&usp=sharing
DMP/A.LES.21.25788;Rede Compacta;05/08/2026;Liberado para Documentação;PIE;nan;356ET166876;10:00;14:00;Engelmig (Área 11) NEC e UPS;LES;-23.61342401;-46.43208409;https://www.google.com/maps/search/?api=1&query=-23.61342401,-46.43208409;https://www.google.com/maps/d/edit?mid=10HwNRTu34UfYUParmwc_21swb9OrORy8&usp=sharing
DAC/A.NOR.25.01158;Regularização de Ligações Informais;05/08/2026;Liberado para Execução;FI;16543537;354BF052658;10:00;14:00;Conecta Obras (Área 4 e 5) NEC;NOR;-23.50597139;-46.56195326;https://www.google.com/maps/search/?api=1&query=-23.50597139,-46.56195326;https://www.google.com/maps/d/edit?mid=10HwNRTu34UfYUParmwc_21swb9OrORy8&usp=sharing
DAC/A.NOR.25.01440;Regularização de Ligações Informais;05/08/2026;Liberado para Execução;FI;16543537;354BF052658;10:00;14:00;Conecta Obras (Área 4 e 5) NEC;NOR;-23.50597139;-46.56195326;https://www.google.com/maps/search/?api=1&query=-23.50597139,-46.56195326;https://www.google.com/maps/d/edit?mid=10HwNRTu34UfYUParmwc_21swb9OrORy8&usp=sharing
DAC/A.NOR.26.00115;Regularização de Ligações Informais;05/08/2026;Liberado para Execução;FI;16543537;354BF052658;10:00;14:00;Conecta Obras (Área 4 e 5) NEC;NOR;-23.50597139;-46.56195326;https://www.google.com/maps/search/?api=1&query=-23.50597139,-46.56195326;https://www.google.com/maps/d/edit?mid=10HwNRTu34UfYUParmwc_21swb9OrORy8&usp=sharing
DAC/A.NOR.26.00139;Regularização de Ligações Informais;05/08/2026;Liberado para Execução;FI;16543537;354BF052658;10:00;14:00;Conecta Obras (Área 4 e 5) NEC;NOR;-23.50597139;-46.56195326;https://www.google.com/maps/search/?api=1&query=-23.50597139,-46.56195326;https://www.google.com/maps/d/edit?mid=10HwNRTu34UfYUParmwc_21swb9OrORy8&usp=sharing
DAC/A.NOR.26.00493;Alteração de Carga;05/08/2026;Liberado para Execução;FI;16543381;257ET096109;10:00;14:00;Conecta Obras (Área 4 e 5) NEC;NOR;-23.5708764;-46.6345043;https://www.google.com/maps/search/?api=1&query=-23.5708764,-46.6345043;https://www.google.com/maps/d/edit?mid=10HwNRTu34UfYUParmwc_21swb9OrORy8&usp=sharing
DAC/A.NOR.26.00591;Alteração de Carga;05/08/2026;Liberado para Execução;FI;16543321;257ET023753;10:00;14:00;Conecta Obras (Área 4 e 5) NEC;NOR;-23.58197859;-46.61157731;https://www.google.com/maps/search/?api=1&query=-23.58197859,-46.61157731;https://www.google.com/maps/d/edit?mid=10HwNRTu34UfYUParmwc_21swb9OrORy8&usp=sharing
DMP/A.NOR.25.06465;Reforma de Rede Secundária;05/08/2026;Liberado para Execução;FI;16543663;351ET142211;10:00;14:00;ZZOUT-Conecta Área 4 (Contrato Antigo);NOR;-23.41571909;-46.75167258;https://www.google.com/maps/search/?api=1&query=-23.41571909,-46.75167258;https://www.google.com/maps/d/edit?mid=10HwNRTu34UfYUParmwc_21swb9OrORy8&usp=sharing
DMP/A.NOR.25.06466;Reforma de Rede Secundária;05/08/2026;Liberado para Execução;FI;16543498;351ET015957;10:00;14:00;ZZOUT-Conecta Área 4 (Contrato Antigo);NOR;-23.40361496;-46.75108264;https://www.google.com/maps/search/?api=1&query=-23.40361496,-46.75108264;https://www.google.com/maps/d/edit?mid=10HwNRTu34UfYUParmwc_21swb9OrORy8&usp=sharing
DMP/A.NOR.25.07521;Segurança Operativa;05/08/2026;Liberado para Execução;FI;16543090;251ET025297;10:00;14:00;Conecta Obras (Área 4 e 5) NEC;NOR;-23.6219076;-46.6366903;https://www.google.com/maps/search/?api=1&query=-23.6219076,-46.6366903;https://www.google.com/maps/d/edit?mid=10HwNRTu34UfYUParmwc_21swb9OrORy8&usp=sharing
DMP/A.NOR.26.01952;Reforma de Rede Secundária;05/08/2026;Liberado para Execução;FI;16543663;351ET142211;10:00;14:00;ZZOUT-Conecta Área 4 (Contrato Antigo);NOR;-23.41571909;-46.75167258;https://www.google.com/maps/search/?api=1&query=-23.41571909,-46.75167258;https://www.google.com/maps/d/edit?mid=10HwNRTu34UfYUParmwc_21swb9OrORy8&usp=sharing
DMP/A.NOR.26.02622;Reforma de Rede Secundária;05/08/2026;Liberado para Execução;FI;16543498;351ET015957;10:00;14:00;ZZOUT-Conecta Área 4 (Contrato Antigo);NOR;-23.40361496;-46.75108264;https://www.google.com/maps/search/?api=1&query=-23.40361496,-46.75108264;https://www.google.com/maps/d/edit?mid=10HwNRTu34UfYUParmwc_21swb9OrORy8&usp=sharing
DAC/A.LES.25.01124;Ligação Nova;06/08/2026;Liberado para Documentação;PIE;nan;353ET052950;00:30;04:30;Start Engenharia (Área 8B, 9  e 11) NEC;LES;-23.5701906;-46.51188024;https://www.google.com/maps/search/?api=1&query=-23.5701906,-46.51188024;https://www.google.com/maps/d/edit?mid=10HwNRTu34UfYUParmwc_21swb9OrORy8&usp=sharing
DAC/A.LES.26.00339;Ligação Nova BT  Universalização;06/08/2026;Liberado para Execução;FI;16548857;356ET018899;10:00;13:00;Start Engenharia (Área 8B, 9  e 11) NEC;LES;-23.62309925;-46.41880424;https://www.google.com/maps/search/?api=1&query=-23.62309925,-46.41880424;https://www.google.com/maps/d/edit?mid=10HwNRTu34UfYUParmwc_21swb9OrORy8&usp=sharing
DAC/A.LES.26.00800;Ligação Provisória;06/08/2026;Liberado para Documentação;PIE;nan;356ET023630;10:00;14:00;Start Engenharia (Área 8B, 9  e 11) NEC;LES;-23.63639626;-46.47129411;https://www.google.com/maps/search/?api=1&query=-23.63639626,-46.47129411;https://www.google.com/maps/d/edit?mid=10HwNRTu34UfYUParmwc_21swb9OrORy8&usp=sharing
DAC/A.LES.26.00807;Ligação Nova;06/08/2026;Liberado para Documentação;PIE;nan;353ET005798;10:00;14:00;Start Engenharia (Área 8B, 9  e 11) NEC;LES;-23.51922813;-46.54193914;https://www.google.com/maps/search/?api=1&query=-23.51922813,-46.54193914;https://www.google.com/maps/d/edit?mid=10HwNRTu34UfYUParmwc_21swb9OrORy8&usp=sharing
DMP/A.LES.21.24623;Rede Compacta;06/08/2026;Liberado para Documentação;PIE;nan;356ET166792;10:00;14:00;Engelmig (Área 11) NEC e UPS;LES;-23.61087582;-46.4342712;https://www.google.com/maps/search/?api=1&query=-23.61087582,-46.4342712;https://www.google.com/maps/d/edit?mid=10HwNRTu34UfYUParmwc_21swb9OrORy8&usp=sharing
DMP/A.LES.24.07657;Segurança Operativa;06/08/2026;Liberado para Documentação;PIE;nan;010ET059232;10:00;14:00;Start Engenharia (Área 8B, 9  e 11) NEC;LES;-23.65143237;-46.55635828;https://www.google.com/maps/search/?api=1&query=-23.65143237,-46.55635828;https://www.google.com/maps/d/edit?mid=10HwNRTu34UfYUParmwc_21swb9OrORy8&usp=sharing
DMP/A.NOR.26.02115;Rede Compacta;06/08/2026;Liberado para Documentação;FI;nan;351ET143530;10:30;14:30;Conecta Elicord NEC;NOR;-23.43851769;-46.80197264;https://www.google.com/maps/search/?api=1&query=-23.43851769,-46.80197264;https://www.google.com/maps/d/edit?mid=10HwNRTu34UfYUParmwc_21swb9OrORy8&usp=sharing
DMP/A.NOR.26.02190;Rede Compacta;06/08/2026;Liberado para Documentação;FI;nan;351ET143530;10:30;14:30;Conecta Elicord NEC;NOR;-23.43851769;-46.80197264;https://www.google.com/maps/search/?api=1&query=-23.43851769,-46.80197264;https://www.google.com/maps/d/edit?mid=10HwNRTu34UfYUParmwc_21swb9OrORy8&usp=sharing
DMP/A.NOR.26.02191;Rede Compacta;06/08/2026;Liberado para Documentação;FI;nan;351ET143530;10:30;14:30;Conecta Elicord NEC;NOR;-23.43851769;-46.80197264;https://www.google.com/maps/search/?api=1&query=-23.43851769,-46.80197264;https://www.google.com/maps/d/edit?mid=10HwNRTu34UfYUParmwc_21swb9OrORy8&usp=sharing
DMP/A.NOR.26.02195;Rede Compacta;06/08/2026;Liberado para Documentação;FI;nan;351ET143530;10:30;14:30;Conecta Elicord NEC;NOR;-23.43851769;-46.80197264;https://www.google.com/maps/search/?api=1&query=-23.43851769,-46.80197264;https://www.google.com/maps/d/edit?mid=10HwNRTu34UfYUParmwc_21swb9OrORy8&usp=sharing
DMP/A.NOR.26.02468;Rede Compacta;06/08/2026;Liberado para Documentação;FI;nan;351ET143530;10:30;14:30;Conecta Elicord NEC;NOR;-23.43851769;-46.80197264;https://www.google.com/maps/search/?api=1&query=-23.43851769,-46.80197264;https://www.google.com/maps/d/edit?mid=10HwNRTu34UfYUParmwc_21swb9OrORy8&usp=sharing
DMP/A.NOR.26.02502;Rede Compacta;06/08/2026;Liberado para Documentação;FI;nan;351ET143530;10:30;14:30;Conecta Elicord NEC;NOR;-23.43851769;-46.80197264;https://www.google.com/maps/search/?api=1&query=-23.43851769,-46.80197264;https://www.google.com/maps/d/edit?mid=10HwNRTu34UfYUParmwc_21swb9OrORy8&usp=sharing
DAC/A.ABC.26.00358;Alteração de Carga;07/08/2026;Liberado para Execução;FI;16549018;010ET087097;10:00;14:00;Start Engenharia (Área 8B, 9  e 11) NEC;ABC;-23.67660201;-46.51334735;https://www.google.com/maps/search/?api=1&query=-23.67660201,-46.51334735;https://www.google.com/maps/d/edit?mid=10HwNRTu34UfYUParmwc_21swb9OrORy8&usp=sharing
DAC/A.LES.25.00354;Ligação Nova;07/08/2026;Liberado para Execução;FI;16549982;356ET020460;10:00;14:00;Start Engenharia (Área 8B, 9  e 11) NEC;LES;-23.53522221;-46.41517928;https://www.google.com/maps/search/?api=1&query=-23.53522221,-46.41517928;https://www.google.com/maps/d/edit?mid=10HwNRTu34UfYUParmwc_21swb9OrORy8&usp=sharing
DAC/A.LES.26.00778;Ligação Nova;07/08/2026;Liberado para Documentação;BRA;nan;355ET004919;08:00;17:00;Conecta Obras Extras (Área 8B, 9 e 11) NEC;LES;-23.58103455;-46.55731089;https://www.google.com/maps/search/?api=1&query=-23.58103455,-46.55731089;https://www.google.com/maps/d/edit?mid=10HwNRTu34UfYUParmwc_21swb9OrORy8&usp=sharing
DAC/A.LES.26.00865;Ligação Provisória;07/08/2026;Liberado para Execução;FI;16549999;356ET161729;00:30;04:30;Start Engenharia (Área 8B, 9  e 11) NEC;LES;-23.60625212;-46.46522505;https://www.google.com/maps/search/?api=1&query=-23.60625212,-46.46522505;https://www.google.com/maps/d/edit?mid=10HwNRTu34UfYUParmwc_21swb9OrORy8&usp=sharing
DMP/A.LES.24.04961;Rede Compacta;07/08/2026;Liberado para Documentação;BRA;nan;353ET013232;09:00;16:00;Start Engenharia (Área 8B, 9  e 11) NEC;LES;-23.55811104;-46.53182436;https://www.google.com/maps/search/?api=1&query=-23.55811104,-46.53182436;https://www.google.com/maps/d/edit?mid=10HwNRTu34UfYUParmwc_21swb9OrORy8&usp=sharing
DMP/A.LES.24.04962;Rede Compacta;07/08/2026;Liberado para Documentação;BRA;nan;353ET013232;09:00;16:00;ZZOUT-Start Área 8B+11 (Contrato Antigo);LES;-23.55811104;-46.53182436;https://www.google.com/maps/search/?api=1&query=-23.55811104,-46.53182436;https://www.google.com/maps/d/edit?mid=10HwNRTu34UfYUParmwc_21swb9OrORy8&usp=sharing
DMP/A.LES.26.01011;Rede Compacta;07/08/2026;Liberado para Documentação;PIE;nan;356ET166613;10:00;14:00;Engelmig (Área 11) NEC e UPS;LES;-23.59609028;-46.41790899;https://www.google.com/maps/search/?api=1&query=-23.59609028,-46.41790899;https://www.google.com/maps/d/edit?mid=10HwNRTu34UfYUParmwc_21swb9OrORy8&usp=sharing
DMP/A.LES.26.01023;Rede Compacta;07/08/2026;Liberado para Documentação;PIE;nan;356ET166613;10:00;14:00;Engelmig (Área 11) NEC e UPS;LES;-23.59609028;-46.41790899;https://www.google.com/maps/search/?api=1&query=-23.59609028,-46.41790899;https://www.google.com/maps/d/edit?mid=10HwNRTu34UfYUParmwc_21swb9OrORy8&usp=sharing
DMP/A.LES.26.01024;Rede Compacta;07/08/2026;Liberado para Documentação;PIE;nan;356ET166613;10:00;14:00;Engelmig (Área 11) NEC e UPS;LES;-23.59609028;-46.41790899;https://www.google.com/maps/search/?api=1&query=-23.59609028,-46.41790899;https://www.google.com/maps/d/edit?mid=10HwNRTu34UfYUParmwc_21swb9OrORy8&usp=sharing
DAC/A.NOR.25.00897;Migração para Média Tensão;07/08/2026;Liberado para Execução;FI;16549091;151ET085689;10:00;14:00;Conecta Obras (Área 4 e 5) NEC;NOR;-23.5623552;-46.66548665;https://www.google.com/maps/search/?api=1&query=-23.5623552,-46.66548665;https://www.google.com/maps/d/edit?mid=10HwNRTu34UfYUParmwc_21swb9OrORy8&usp=sharing
DAC/A.NOR.25.00927;Ligação Nova;07/08/2026;Liberado para Documentação;BRA;nan;251ET037835;09:00;17:00;Conecta Obras (Área 4 e 5) NEC;NOR;-23.6035919;-46.67699189;https://www.google.com/maps/search/?api=1&query=-23.6035919,-46.67699189;https://www.google.com/maps/d/edit?mid=10HwNRTu34UfYUParmwc_21swb9OrORy8&usp=sharing
DAC/A.NOR.25.01469;Alteração de Carga;07/08/2026;Liberado para Execução;FI;DEVOLVIDO;151ET001303;10:00;13:00;Conecta Obras (Área 4 e 5) NEC;NOR;-23.56617628;-46.64472316;https://www.google.com/maps/search/?api=1&query=-23.56617628,-46.64472316;https://www.google.com/maps/d/edit?mid=10HwNRTu34UfYUParmwc_21swb9OrORy8&usp=sharing
DAC/A.NOR.25.01699;Alteração de Carga;07/08/2026;Liberado para Execução;FI;16549554;257ET026834;10:00;14:00;Conecta Obras (Área 4 e 5) NEC;NOR;-23.57696902;-46.63641858;https://www.google.com/maps/search/?api=1&query=-23.57696902,-46.63641858;https://www.google.com/maps/d/edit?mid=10HwNRTu34UfYUParmwc_21swb9OrORy8&usp=sharing
DAC/A.NOR.26.00426;Ligação Provisória;07/08/2026;Liberado para Execução;FI;16549173;151ET000012;10:00;14:00;Conecta Obras (Área 4 e 5) NEC;NOR;-23.556867;-46.62954941;https://www.google.com/maps/search/?api=1&query=-23.556867,-46.62954941;https://www.google.com/maps/d/edit?mid=10HwNRTu34UfYUParmwc_21swb9OrORy8&usp=sharing
DAC/A.NOR.26.00567;Ligação Nova;07/08/2026;Liberado para Execução;FI;16549727;351ET028090;10:00;14:00;Conecta Obras (Área 4 e 5) NEC;NOR;-23.49976194;-46.68101253;https://www.google.com/maps/search/?api=1&query=-23.49976194,-46.68101253;https://www.google.com/maps/d/edit?mid=10HwNRTu34UfYUParmwc_21swb9OrORy8&usp=sharing
DAC/A.NOR.26.00683;Migração para Baixa Tensão;07/08/2026;Liberado para Execução;FI;16549808;354BF052601;10:00;14:00;Conecta Obras (Área 4 e 5) NEC;NOR;-23.52539586;-46.58953767;https://www.google.com/maps/search/?api=1&query=-23.52539586,-46.58953767;https://www.google.com/maps/d/edit?mid=10HwNRTu34UfYUParmwc_21swb9OrORy8&usp=sharing
DAC/A.NOR.26.00733;Migração para Baixa Tensão;07/08/2026;Liberado para Execução;FI;16549808;354BF052601;10:00;14:00;Conecta Obras (Área 4 e 5) NEC;NOR;-23.52539586;-46.58953767;https://www.google.com/maps/search/?api=1&query=-23.52539586,-46.58953767;https://www.google.com/maps/d/edit?mid=10HwNRTu34UfYUParmwc_21swb9OrORy8&usp=sharing
DAC/A.LES.26.00864;Ligação Nova;08/08/2026;Liberado para Execução;FI;RESOLVIDO;353ET092441;10:00;14:00;Start Engenharia (Área 8B, 9  e 11) NEC;LES;-23.53107552;-46.52608514;https://www.google.com/maps/search/?api=1&query=-23.53107552,-46.52608514;https://www.google.com/maps/d/edit?mid=10HwNRTu34UfYUParmwc_21swb9OrORy8&usp=sharing
DAC/A.LES.26.00903;Alteração de Carga;08/08/2026;Liberado para Execução;FI;16553158;356ET050199;00:30;04:30;Start Engenharia (Área 8B, 9  e 11) NEC;LES;-23.63270893;-46.43495602;https://www.google.com/maps/search/?api=1&query=-23.63270893,-46.43495602;https://www.google.com/maps/d/edit?mid=10HwNRTu34UfYUParmwc_21swb9OrORy8&usp=sharing
DMP/A.LES.25.00803;Reforma de Rede Secundaria RTRI;08/08/2026;Liberado para Execução;FI;Devolvido;353ET062045;10:00;14:00;Start Engenharia (Área 8B, 9  e 11) NEC;LES;-23.52370762;-46.61632617;https://www.google.com/maps/search/?api=1&query=-23.52370762,-46.61632617;https://www.google.com/maps/d/edit?mid=10HwNRTu34UfYUParmwc_21swb9OrORy8&usp=sharing
DMP/A.LES.25.04889;Reforma de Rede Secundaria RTRI;08/08/2026;Liberado para Execução;FI;Devolvido;352ET160437;10:00;15:00;Start Engenharia (Área 8B, 9  e 11) NEC;LES;-23.51931726;-46.4123453;https://www.google.com/maps/search/?api=1&query=-23.51931726,-46.4123453;https://www.google.com/maps/d/edit?mid=10HwNRTu34UfYUParmwc_21swb9OrORy8&usp=sharing
DAC/A.NOR.25.01595;Remoção de Poste;08/08/2026;Liberado para Execução;FI;16552634;152ET085032;10:00;14:00;Conecta Obras Extras (Área 4 e 5) NEC;NOR;-23.56392842;-46.66574992;https://www.google.com/maps/search/?api=1&query=-23.56392842,-46.66574992;https://www.google.com/maps/d/edit?mid=10HwNRTu34UfYUParmwc_21swb9OrORy8&usp=sharing
DAC/A.NOR.26.00664;Ligação Nova;08/08/2026;Liberado para Documentação;PIE;nan;354ET004678;10:00;14:00;Conecta Obras (Área 4 e 5) NEC;NOR;-23.50286493;-46.58045079;https://www.google.com/maps/search/?api=1&query=-23.50286493,-46.58045079;https://www.google.com/maps/d/edit?mid=10HwNRTu34UfYUParmwc_21swb9OrORy8&usp=sharing
DMP/A.NOR.25.01522;Reforma de Rede Secundária;08/08/2026;Liberado para Execução;FI;16553140;354ET005270;10:00;14:00;Conecta Obras (Área 4 e 5) NEC;NOR;-23.50925636;-46.60415346;https://www.google.com/maps/search/?api=1&query=-23.50925636,-46.60415346;https://www.google.com/maps/d/edit?mid=10HwNRTu34UfYUParmwc_21swb9OrORy8&usp=sharing
DMP/A.NOR.25.07496;Segurança Operativa;08/08/2026;Liberado para Execução;FI;16552981;251BF074167;10:00;14:00;Conecta Obras (Área 4 e 5) NEC;NOR;-23.62228104;-46.64014858;https://www.google.com/maps/search/?api=1&query=-23.62228104,-46.64014858;https://www.google.com/maps/d/edit?mid=10HwNRTu34UfYUParmwc_21swb9OrORy8&usp=sharing
DMP/A.LES.26.01024;Rede Compacta;10/08/2026;Liberado para Documentação;PIE;nan;356ET071794;10:00;14:00;Engelmig (Área 11) NEC e UPS;LES;-23.60139563;-46.41425732;https://www.google.com/maps/search/?api=1&query=-23.60139563,-46.41425732;https://www.google.com/maps/d/edit?mid=10HwNRTu34UfYUParmwc_21swb9OrORy8&usp=sharing
DMP/A.LES.26.01026;Rede Compacta;10/08/2026;Liberado para Documentação;PIE;nan;356ET071794;10:00;14:00;Engelmig (Área 11) NEC e UPS;LES;-23.60139563;-46.41425732;https://www.google.com/maps/search/?api=1&query=-23.60139563,-46.41425732;https://www.google.com/maps/d/edit?mid=10HwNRTu34UfYUParmwc_21swb9OrORy8&usp=sharing
DMP/A.LES.26.01045;Rede Compacta;10/08/2026;Liberado para Documentação;PIE;nan;356ET071794;10:00;14:00;Engelmig (Área 11) NEC e UPS;LES;-23.60139563;-46.41425732;https://www.google.com/maps/search/?api=1&query=-23.60139563,-46.41425732;https://www.google.com/maps/d/edit?mid=10HwNRTu34UfYUParmwc_21swb9OrORy8&usp=sharing
